segment;pas;succes;attendu
S001;137;1;0.7940379403794038
S001;345;1;0.7961011591148578
S001;971;1;0.7600479904019196
S001;1215;1;0.7600479904019196
S001;1216;1;0.7600479904019196
S002;151;0;0.7751256281407035
S002;152;0;0.7751256281407035
S002;153;0;0.7751256281407035
S002;592;0;0.5973377703826955
S002;593;0;0.5973377703826955
S002;594;0;0.7751256281407035
S002;1054;1;0.5091649694501018
S002;1055;1;0.5091649694501018
S002;1056;1;0.6260229132569558
S002;1336;1;0.6081081081081081
S002;1337;1;0.6569037656903766
S003;81;1;0.39921722113502933
S003;158;1;0.7107142857142857
S003;168;1;0.7961011591148578
S003;924;1;0.7983870967741935
S003;995;1;0.49085365853658536
S003;996;1;0.5862619808306709
S003;1086;1;0.7600479904019196
S003;1087;1;0.7600479904019196
S003;1088;1;0.7600479904019196
S003;1388;1;0.7296996662958843
S003;1389;1;0.7296996662958843
S003;1390;1;0.7751256281407035
S003;1391;1;0.7751256281407035
S003;1392;1;0.7751256281407035
S003;1393;1;0.7751256281407035
S003;1394;1;0.7983870967741935
S004;6;1;0.7751256281407035
S004;133;1;0.7751256281407035
S004;249;0;0.5655172413793104
S004;611;0;0.7961011591148578
S004;612;0;0.7961011591148578
S004;794;1;0.7983870967741935
S004;811;1;0.7940379403794038
S004;812;1;0.7940379403794038
S004;978;1;0.5862619808306709
S004;979;1;0.7600479904019196
S004;1116;1;0.7600479904019196
S004;1125;1;0.23130841121495327
S004;1250;1;0.7961011591148578
S005;184;1;0.799367088607595
S005;185;1;0.799367088607595
S005;840;1;0.799367088607595
S005;1009;1;0.7940379403794038
S005;1010;1;0.7940379403794038
S006;15;1;0.7983870967741935
S006;16;1;0.7983870967741935
S006;134;1;0.799367088607595
S006;135;0;0.799367088607595
S006;776;1;0.799367088607595
S006;777;1;0.799367088607595
S006;778;1;0.799367088607595
S006;860;1;0.5862619808306709
S006;861;1;0.5862619808306709
S006;1184;0;0.7600479904019196
S006;1237;1;0.6260229132569558
S006;1238;0;0.7751256281407035
S006;1239;0;0.7751256281407035
S007;11;1;0.7961011591148578
S007;12;1;0.7961011591148578
S007;75;1;0.7961011591148578
S007;76;1;0.7961011591148578
S007;77;1;0.7961011591148578
S007;78;1;0.7961011591148578
S007;79;1;0.7961011591148578
S007;80;1;0.7961011591148578
S007;94;1;0.6631376323387873
S007;95;1;0.6631376323387873
S007;96;1;0.799367088607595
S007;97;1;0.799367088607595
S007;116;0;0.18627450980392157
S007;117;0;0.24356077722548578
S007;182;1;0.799367088607595
S007;183;1;0.799367088607595
S007;295;0;0.7107142857142857
S007;296;0;0.7600479904019196
S007;414;0;0.5095541401273885
S007;415;0;0.6260229132569558
S007;463;1;0.7600479904019196
S007;464;1;0.7961011591148578
S007;465;1;0.7961011591148578
S007;515;1;0.7983870967741935
S007;806;0;0.5973377703826955
S007;941;1;0.7983870967741935
S007;942;1;0.7983870967741935
S007;943;1;0.7983870967741935
S007;1018;1;0.7107142857142857
S007;1142;1;0.7296996662958843
S007;1143;1;0.7296996662958843
S007;1144;1;0.7751256281407035
S007;1145;1;0.7751256281407035
S007;1158;0;0.272
S007;1159;0;0.39921722113502933
S007;1384;1;0.5862619808306709
S007;1385;1;0.7600479904019196
S007;1386;1;0.7600479904019196
S008;22;1;0.4186746987951807
S008;23;1;0.49085365853658536
S008;24;1;0.7600479904019196
S008;25;1;0.7600479904019196
S008;109;1;0.7600479904019196
S008;161;1;0.799367088607595
S008;162;1;0.799367088607595
S008;163;1;0.799367088607595
S008;304;0;0.5862619808306709
S008;599;1;0.7600479904019196
S008;600;1;0.7600479904019196
S008;601;1;0.7600479904019196
S008;602;1;0.7600479904019196
S008;638;0;0.5655172413793104
S008;1039;1;0.7600479904019196
S008;1040;1;0.7600479904019196
S008;1090;1;0.6815789473684211
S008;1091;1;0.7296996662958843
S008;1150;1;0.7107142857142857
S008;1151;1;0.7600479904019196
S008;1170;1;0.7751256281407035
S008;1370;1;0.7600479904019196
S009;17;1;0.7600479904019196
S009;18;1;0.7600479904019196
S009;19;1;0.7600479904019196
S009;375;1;0.7600479904019196
S009;376;1;0.7600479904019196
S009;501;1;0.7940379403794038
S009;703;1;0.7296996662958843
S009;767;1;0.7940379403794038
S009;768;1;0.7940379403794038
S009;879;1;0.39921722113502933
S009;919;1;0.4111111111111111
S009;1190;1;0.799367088607595
S009;1330;0;0.39085545722713866
S009;1351;1;0.5669014084507042
S009;1352;1;0.7296996662958843
S009;1353;1;0.7296996662958843
S009;1367;1;0.39085545722713866
S009;1402;1;0.7751256281407035
S009;1403;1;0.7751256281407035
S010;26;1;0.39085545722713866
S010;27;0;0.5038759689922481
S010;158;1;0.799367088607595
S010;547;1;0.5973377703826955
S010;548;1;0.7296996662958843
S010;620;0;0.7107142857142857
S010;621;0;0.7107142857142857
S010;632;1;0.3990461049284579
S010;633;1;0.5973377703826955
S010;634;0;0.7751256281407035
S010;823;1;0.5437956204379562
S010;824;1;0.6815789473684211
S010;869;0;0.16429840142095914
S010;870;1;0.26453488372093026
S010;871;1;0.272
S010;872;1;0.2785571142284569
S010;873;1;0.4186746987951807
S010;874;1;0.49085365853658536
S010;941;1;0.7751256281407035
S010;1051;1;0.7600479904019196
S010;1192;1;0.7751256281407035
S010;1193;1;0.7751256281407035
S010;1209;1;0.7107142857142857
S011;38;1;0.5973377703826955
S011;159;0;0.7107142857142857
S011;278;1;0.7600479904019196
S011;279;1;0.7961011591148578
S011;280;1;0.7961011591148578
S011;281;1;0.7961011591148578
S011;343;1;0.2550335570469799
S011;344;1;0.274468085106383
S011;357;1;0.7983870967741935
S011;548;0;0.4111111111111111
S011;809;1;0.7600479904019196
S011;937;0;0.5038759689922481
S011;990;1;0.6052631578947368
S011;991;1;0.6052631578947368
S011;992;1;0.7600479904019196
S011;1046;1;0.7107142857142857
S011;1171;1;0.7983870967741935
S012;6;0;0.7600479904019196
S012;270;1;0.7940379403794038
S012;271;1;0.7940379403794038
S012;272;1;0.7940379403794038
S012;273;1;0.7940379403794038
S012;274;1;0.7940379403794038
S012;275;1;0.7940379403794038
S012;392;1;0.7940379403794038
S012;393;1;0.7940379403794038
S012;394;1;0.7940379403794038
S012;395;1;0.7940379403794038
S012;491;1;0.7107142857142857
S012;492;1;0.7107142857142857
S012;729;1;0.7600479904019196
S012;730;1;0.7600479904019196
S012;731;1;0.7600479904019196
S012;745;1;0.799367088607595
S012;746;1;0.799367088607595
S012;864;1;0.7940379403794038
S012;878;1;0.488
S012;1144;1;0.7600479904019196
S012;1145;1;0.7600479904019196
S012;1146;1;0.7600479904019196
S012;1147;1;0.7961011591148578
S012;1193;1;0.7961011591148578
S012;1194;1;0.7961011591148578
S012;1195;1;0.7961011591148578
S012;1196;0;0.7961011591148578
S012;1353;1;0.4111111111111111
S013;42;1;0.799367088607595
S013;43;1;0.799367088607595
S013;44;1;0.799367088607595
S013;188;1;0.7296996662958843
S013;189;1;0.5973377703826955
S013;288;1;0.4691358024691358
S013;289;1;0.5669014084507042
S013;290;0;0.5973377703826955
S013;291;0;0.7296996662958843
S013;498;1;0.7751256281407035
S013;499;1;0.7751256281407035
S013;500;1;0.7751256281407035
S013;660;1;0.7940379403794038
S013;661;1;0.7940379403794038
S013;662;1;0.7940379403794038
S013;663;1;0.7940379403794038
S013;671;1;0.7940379403794038
S013;727;1;0.7600479904019196
S013;820;1;0.7940379403794038
S013;850;0;0.6260229132569558
S013;882;1;0.488
S013;883;1;0.5038759689922481
S013;884;1;0.5862619808306709
S013;885;1;0.5862619808306709
S013;886;1;0.7600479904019196
S013;1161;1;0.7107142857142857
S013;1162;1;0.7107142857142857
S013;1163;1;0.7600479904019196
S013;1164;1;0.7600479904019196
S013;1177;1;0.5475517890772128
S013;1178;1;0.5475517890772128
S014;320;0;0.18627450980392157
S014;321;0;0.24356077722548578
S014;381;1;0.7940379403794038
S014;382;1;0.7940379403794038
S014;403;1;0.7600479904019196
S014;461;1;0.7751256281407035
S014;462;1;0.7751256281407035
S014;674;1;0.24356077722548578
S014;675;1;0.4111111111111111
S014;676;1;0.5166240409207161
S014;721;0;0.5862619808306709
S014;1043;1;0.7107142857142857
S014;1088;1;0.7751256281407035
S014;1089;1;0.7751256281407035
S014;1161;1;0.799367088607595
S014;1162;0;0.799367088607595
S014;1193;1;0.7983870967741935
S014;1194;1;0.7983870967741935
S015;23;0;0.7983870967741935
S015;101;1;0.39921722113502933
S015;120;0;0.2550335570469799
S015;374;1;0.799367088607595
S015;458;1;0.7751256281407035
S015;459;1;0.7751256281407035
S015;714;1;0.7600479904019196
S015;715;1;0.7600479904019196
S015;716;1;0.7600479904019196
S015;717;1;0.7600479904019196
S015;994;1;0.7983870967741935
S015;995;1;0.7983870967741935
S016;416;1;0.7961011591148578
S016;417;1;0.7961011591148578
S016;541;0;0.24707846410684475
S016;542;0;0.5025075225677031
S016;614;1;0.7940379403794038
S016;776;1;0.4111111111111111
S016;926;1;0.6260229132569558
S016;973;1;0.6631376323387873
S016;974;0;0.799367088607595
S016;1186;1;0.4691358024691358
S016;1420;0;0.7600479904019196
S017;37;1;0.7107142857142857
S017;531;1;0.6631376323387873
S017;532;1;0.799367088607595
S017;533;1;0.799367088607595
S017;597;1;0.5091649694501018
S017;598;1;0.5091649694501018
S017;678;1;0.7296996662958843
S017;691;1;0.21744186046511627
S017;836;1;0.7600479904019196
S017;837;1;0.7600479904019196
S017;838;1;0.7600479904019196
S017;1132;1;0.7107142857142857
S017;1133;1;0.7600479904019196
S017;1218;1;0.7107142857142857
S017;1369;1;0.7600479904019196
S017;1370;1;0.7600479904019196
S018;129;1;0.7940379403794038
S018;130;1;0.7940379403794038
S018;452;0;0.7751256281407035
S018;953;1;0.6685057471264367
S018;1120;1;0.7751256281407035
S018;1379;1;0.4186746987951807
S018;1380;0;0.7107142857142857
S018;1381;0;0.7600479904019196
S018;1382;0;0.7600479904019196
S019;25;1;0.7107142857142857
S019;54;1;0.7961011591148578
S019;90;0;0.7600479904019196
S019;702;1;0.7296996662958843
S019;754;1;0.5973377703826955
S019;755;1;0.7296996662958843
S019;992;1;0.7940379403794038
S019;1085;1;0.7107142857142857
S020;130;1;0.7983870967741935
S020;131;1;0.7983870967741935
S020;150;0;0.5091649694501018
S020;221;1;0.7600479904019196
S020;399;1;0.23130841121495327
S020;466;1;0.7961011591148578
S020;467;1;0.7961011591148578
S020;705;1;0.5973377703826955
S020;718;1;0.272
S020;822;1;0.3990461049284579
S020;823;1;0.5095541401273885
S020;987;1;0.6815789473684211
S020;1081;0;0.7600479904019196
S021;17;1;0.488
S021;18;1;0.5655172413793104
S021;185;1;0.7961011591148578
S021;186;1;0.7961011591148578
S021;216;0;0.5025075225677031
S021;307;1;0.7983870967741935
S021;308;1;0.7983870967741935
S021;309;1;0.7983870967741935
S021;337;0;0.2550335570469799
S021;381;1;0.5973377703826955
S021;490;1;0.7983870967741935
S021;491;1;0.7983870967741935
S021;492;1;0.7940379403794038
S021;899;1;0.7751256281407035
S021;900;1;0.7751256281407035
S021;992;1;0.799367088607595
S021;993;1;0.799367088607595
S021;994;1;0.799367088607595
S021;995;1;0.799367088607595
S021;1205;0;0.7983870967741935
S021;1206;0;0.7983870967741935
S021;1213;1;0.39085545722713866
S021;1214;1;0.5038759689922481
S021;1215;1;0.5862619808306709
S022;290;0;0.488
S022;596;0;0.3487423521414004
S022;915;0;0.21744186046511627
S022;916;0;0.21744186046511627
S022;917;0;0.21744186046511627
S022;918;0;0.24356077722548578
S022;1042;0;0.23130841121495327
S022;1043;1;0.36783042394014964
S022;1044;1;0.4111111111111111
S022;1353;0;0.7751256281407035
S023;28;0;0.7751256281407035
S023;29;0;0.7751256281407035
S023;88;0;0.24356077722548578
S023;247;0;0.39921722113502933
S023;342;0;0.7751256281407035
S023;446;1;0.799367088607595
S023;447;1;0.799367088607595
S023;914;1;0.7600479904019196
S023;1124;1;0.6052631578947368
S024;44;0;0.7600479904019196
S024;58;1;0.7600479904019196
S024;59;1;0.7600479904019196
S024;162;1;0.7961011591148578
S024;178;1;0.5973377703826955
S024;416;1;0.6260229132569558
S024;436;1;0.7600479904019196
S024;757;1;0.799367088607595
S024;809;0;0.7983870967741935
S024;906;1;0.6788523831559463
S024;920;1;0.7296996662958843
S024;921;1;0.7751256281407035
S024;922;1;0.7751256281407035
S024;1115;1;0.7600479904019196
S024;1116;0;0.7600479904019196
S024;1123;0;0.23130841121495327
S024;1124;0;0.23130841121495327
S024;1125;0;0.24356077722548578
S024;1126;0;0.2550335570469799
S025;109;1;0.7600479904019196
S025;177;1;0.5091649694501018
S025;185;1;0.7983870967741935
S025;186;1;0.7983870967741935
S025;201;1;0.7940379403794038
S025;382;1;0.6569037656903766
S025;430;0;0.7107142857142857
S025;565;0;0.7940379403794038
S025;1185;1;0.7983870967741935
S026;225;1;0.6260229132569558
S026;454;1;0.7751256281407035
S026;455;1;0.7751256281407035
S026;456;1;0.7751256281407035
S026;511;0;0.49085365853658536
S026;966;0;0.7296996662958843
S026;967;0;0.7751256281407035
S026;1386;0;0.7296996662958843
S026;1387;0;0.7751256281407035
S026;1405;0;0.26453488372093026
S027;172;0;0.272
S027;300;0;0.7940379403794038
S027;544;1;0.7751256281407035
S027;609;0;0.6052631578947368
S027;758;1;0.7107142857142857
S027;775;0;0.49085365853658536
S027;877;0;0.39085545722713866
S027;878;0;0.39921722113502933
S027;1177;0;0.2785571142284569
S027;1178;0;0.4186746987951807
S027;1213;1;0.39085545722713866
S027;1351;1;0.7983870967741935
S027;1369;1;0.5862619808306709
S027;1370;1;0.7107142857142857
S027;1371;1;0.7600479904019196
S027;1372;1;0.7600479904019196
S028;15;1;0.7983870967741935
S028;16;1;0.7983870967741935
S028;17;1;0.7983870967741935
S028;183;1;0.7751256281407035
S028;184;1;0.7751256281407035
S028;185;1;0.7751256281407035
S028;186;1;0.7751256281407035
S028;187;1;0.7983870967741935
S028;298;1;0.4111111111111111
S028;299;1;0.5166240409207161
S028;457;1;0.39921722113502933
S028;458;1;0.5862619808306709
S028;459;1;0.7107142857142857
S028;460;1;0.7600479904019196
S028;461;1;0.7600479904019196
S028;462;1;0.7600479904019196
S028;523;1;0.5038759689922481
S028;524;0;0.7107142857142857
S028;574;1;0.7600479904019196
S028;794;1;0.7751256281407035
S028;795;1;0.7751256281407035
S029;24;1;0.6815789473684211
S029;199;1;0.7751256281407035
S029;200;1;0.7751256281407035
S029;432;1;0.799367088607595
S029;801;1;0.24356077722548578
S029;802;1;0.2550335570469799
S029;803;1;0.39915966386554624
S029;813;1;0.7983870967741935
S029;820;0;0.16429840142095914
S029;1125;1;0.49420070600100857
S029;1126;1;0.49420070600100857
S029;1127;1;0.6569037656903766
S030;354;1;0.7107142857142857
S030;355;1;0.7600479904019196
S030;384;1;0.6685057471264367
S030;385;1;0.6569037656903766
S030;386;1;0.7940379403794038
S030;789;1;0.7600479904019196
S030;865;1;0.5973377703826955
S030;866;1;0.7296996662958843
S030;953;1;0.36783042394014964
S031;324;1;0.7107142857142857
S031;325;1;0.7600479904019196
S031;326;1;0.7600479904019196
S031;399;1;0.7983870967741935
S031;400;1;0.6685057471264367
S031;1331;1;0.26453488372093026
S031;1345;1;0.7961011591148578
S031;1425;0;0.7600479904019196
S031;1426;0;0.7600479904019196
S031;1427;0;0.7600479904019196
S032;6;1;0.7600479904019196
S032;82;1;0.7600479904019196
S032;188;1;0.5973377703826955
S032;189;1;0.6260229132569558
S032;858;1;0.49085365853658536
S032;859;1;0.7600479904019196
S032;860;1;0.7600479904019196
S032;861;1;0.7600479904019196
S032;862;0;0.7600479904019196
S032;964;0;0.26453488372093026
S032;1061;1;0.7961011591148578
S032;1062;1;0.7961011591148578
S032;1063;1;0.7961011591148578
S032;1064;1;0.7961011591148578
S032;1065;1;0.7961011591148578
S032;1343;1;0.799367088607595
S032;1344;1;0.799367088607595
S032;1345;1;0.799367088607595
S033;21;0;0.7751256281407035
S033;234;1;0.7600479904019196
S033;235;1;0.7600479904019196
S033;236;1;0.7600479904019196
S033;237;1;0.6788523831559463
S033;238;1;0.7961011591148578
S033;319;0;0.272
S033;504;1;0.799367088607595
S033;505;1;0.799367088607595
S033;506;1;0.799367088607595
S033;787;1;0.7107142857142857
S033;788;1;0.7600479904019196
S033;1062;1;0.2550335570469799
S033;1063;1;0.5166240409207161
S033;1099;0;0.16429840142095914
S033;1100;0;0.16429840142095914
S033;1101;0;0.16429840142095914
S033;1122;1;0.5973377703826955
S033;1123;1;0.7296996662958843
S034;64;1;0.7751256281407035
S034;73;0;0.21744186046511627
S034;74;1;0.26453488372093026
S034;178;1;0.799367088607595
S034;179;1;0.799367088607595
S034;192;1;0.6631376323387873
S034;202;1;0.799367088607595
S034;375;0;0.49085365853658536
S034;465;0;0.39915966386554624
S034;487;1;0.7296996662958843
S034;873;1;0.5095541401273885
S034;874;1;0.5095541401273885
S034;875;1;0.5091649694501018
S034;876;1;0.7751256281407035
S034;912;0;0.799367088607595
S034;913;0;0.799367088607595
S034;1086;1;0.5091649694501018
S034;1243;1;0.799367088607595
S034;1244;1;0.799367088607595
S035;93;1;0.6788523831559463
S035;94;1;0.6788523831559463
S035;95;1;0.6788523831559463
S035;96;1;0.6788523831559463
S035;97;1;0.7961011591148578
S035;98;1;0.7961011591148578
S035;99;1;0.7961011591148578
S035;691;1;0.5829787234042553
S035;692;1;0.5655172413793104
S035;693;1;0.7107142857142857
S035;694;1;0.5862619808306709
S035;780;1;0.7600479904019196
S035;892;1;0.7940379403794038
S035;893;1;0.7940379403794038
S035;932;0;0.7961011591148578
S035;933;0;0.7961011591148578
S035;1207;1;0.7600479904019196
S035;1233;1;0.7296996662958843
S035;1234;1;0.7751256281407035
S035;1235;1;0.7751256281407035
S036;60;0;0.6631376323387873
S036;75;1;0.7107142857142857
S036;76;1;0.7600479904019196
S036;77;1;0.7600479904019196
S036;123;0;0.7751256281407035
S036;132;0;0.39921722113502933
S036;256;1;0.7940379403794038
S036;297;1;0.7600479904019196
S036;298;1;0.7600479904019196
S036;299;1;0.7600479904019196
S036;300;1;0.7961011591148578
S036;326;0;0.4111111111111111
S036;474;0;0.7983870967741935
S036;702;1;0.7983870967741935
S036;803;1;0.7961011591148578
S036;939;1;0.5095541401273885
S036;940;1;0.5095541401273885
S036;1071;1;0.7107142857142857
S036;1072;1;0.7107142857142857
S036;1073;1;0.7600479904019196
S036;1074;1;0.7600479904019196
S036;1075;1;0.7600479904019196
S036;1166;1;0.7940379403794038
S036;1167;1;0.7940379403794038
S037;60;1;0.799367088607595
S037;225;1;0.799367088607595
S037;232;0;0.35605234460196294
S037;233;0;0.18627450980392157
S037;234;0;0.18627450980392157
S037;270;1;0.7940379403794038
S037;337;0;0.37373737373737376
S037;394;1;0.7961011591148578
S037;548;1;0.799367088607595
S037;595;0;0.4186746987951807
S037;918;1;0.7107142857142857
S037;919;1;0.7107142857142857
S037;920;1;0.7600479904019196
S037;947;1;0.3487423521414004
S037;1021;1;0.7940379403794038
S037;1022;1;0.7940379403794038
S037;1023;1;0.7940379403794038
S037;1024;1;0.7940379403794038
S037;1025;1;0.7940379403794038
S037;1050;1;0.7600479904019196
S037;1051;1;0.7600479904019196
S037;1075;1;0.7600479904019196
S037;1357;1;0.7983870967741935
S037;1358;1;0.7983870967741935
S037;1359;1;0.7983870967741935
S037;1360;1;0.7983870967741935
S037;1381;1;0.7600479904019196
S037;1382;1;0.7961011591148578
S037;1430;1;0.7751256281407035
S038;155;1;0.7983870967741935
S038;156;1;0.7983870967741935
S038;157;1;0.7983870967741935
S038;182;1;0.16429840142095914
S038;246;1;0.7983870967741935
S038;247;1;0.7983870967741935
S038;279;1;0.7961011591148578
S038;545;1;0.5095541401273885
S038;546;0;0.6260229132569558
S038;547;0;0.7751256281407035
S038;554;0;0.21744186046511627
S038;555;1;0.37373737373737376
S038;556;1;0.39085545722713866
S038;696;1;0.7940379403794038
S038;697;1;0.7940379403794038
S038;729;1;0.7940379403794038
S038;730;1;0.6569037656903766
S038;837;1;0.6260229132569558
S038;845;1;0.7983870967741935
S038;846;1;0.7983870967741935
S038;847;1;0.7983870967741935
S038;848;1;0.7983870967741935
S038;849;1;0.7983870967741935
S038;850;1;0.7983870967741935
S038;851;1;0.7940379403794038
S038;900;1;0.7751256281407035
S038;901;1;0.6260229132569558
S038;902;1;0.7751256281407035
S038;903;1;0.7983870967741935
S038;1101;1;0.7940379403794038
S038;1102;1;0.7940379403794038
S038;1103;1;0.7940379403794038
S038;1344;0;0.24356077722548578
S039;126;1;0.7751256281407035
S039;127;1;0.7751256281407035
S039;197;1;0.7600479904019196
S039;372;1;0.7107142857142857
S039;491;1;0.6685057471264367
S039;492;1;0.7983870967741935
S039;493;1;0.6569037656903766
S039;494;0;0.7940379403794038
S039;495;0;0.6569037656903766
S039;541;1;0.7940379403794038
S039;542;1;0.7940379403794038
S039;752;1;0.7751256281407035
S039;768;1;0.5655172413793104
S039;769;1;0.7107142857142857
S039;770;1;0.7107142857142857
S039;771;1;0.7600479904019196
S039;772;1;0.7600479904019196
S039;812;1;0.6260229132569558
S039;813;1;0.6260229132569558
S039;814;1;0.6260229132569558
S039;815;1;0.7983870967741935
S039;816;1;0.7983870967741935
S039;817;1;0.7983870967741935
S039;818;1;0.7983870967741935
S039;1338;1;0.6260229132569558
S040;105;1;0.7751256281407035
S040;117;1;0.5366225839267549
S040;118;1;0.6569037656903766
S040;280;0;0.5655172413793104
S040;335;1;0.7751256281407035
S040;351;1;0.7940379403794038
S040;447;1;0.799367088607595
S040;578;1;0.24356077722548578
S040;579;1;0.4691358024691358
S040;580;1;0.5669014084507042
S040;581;1;0.7296996662958843
S040;582;1;0.7296996662958843
S040;583;1;0.7751256281407035
S040;584;1;0.7751256281407035
S040;585;1;0.7751256281407035
S040;586;1;0.7751256281407035
S040;930;1;0.39085545722713866
S040;931;1;0.5038759689922481
S041;254;1;0.7751256281407035
S041;255;1;0.7751256281407035
S041;313;1;0.5038759689922481
S041;602;1;0.799367088607595
S041;645;1;0.6788523831559463
S041;1053;1;0.6569037656903766
S041;1054;0;0.6569037656903766
S041;1055;0;0.7940379403794038
S041;1056;0;0.7940379403794038
S041;1065;1;0.5655172413793104
S041;1182;1;0.49420070600100857
S041;1223;0;0.49085365853658536
S042;26;1;0.7940379403794038
S042;507;1;0.7751256281407035
S042;508;1;0.7751256281407035
S042;509;1;0.7751256281407035
S042;510;1;0.7751256281407035
S042;511;1;0.7983870967741935
S042;519;1;0.7983870967741935
S042;520;1;0.6685057471264367
S042;649;0;0.7940379403794038
S042;650;0;0.7940379403794038
S042;1077;1;0.799367088607595
S042;1078;1;0.799367088607595
S042;1079;1;0.799367088607595
S042;1080;1;0.799367088607595
S042;1081;1;0.799367088607595
S042;1082;1;0.799367088607595
S042;1116;1;0.7751256281407035
S042;1117;1;0.7751256281407035
S042;1118;1;0.7751256281407035
S042;1245;1;0.7600479904019196
S042;1246;0;0.6052631578947368
S042;1247;0;0.6052631578947368
S042;1363;0;0.5
S043;104;1;0.6815789473684211
S043;198;1;0.7107142857142857
S043;318;1;0.7107142857142857
S043;555;1;0.7983870967741935
S043;667;1;0.49085365853658536
S043;725;1;0.7600479904019196
S043;779;1;0.7940379403794038
S043;831;1;0.7751256281407035
S043;911;1;0.5166240409207161
S043;912;1;0.7296996662958843
S043;913;1;0.7296996662958843
S043;991;1;0.39085545722713866
S043;992;1;0.5655172413793104
S043;993;1;0.7107142857142857
S043;994;1;0.7107142857142857
S043;1089;1;0.5166240409207161
S043;1090;1;0.5973377703826955
S043;1091;1;0.5973377703826955
S043;1092;1;0.6260229132569558
S044;102;1;0.3835616438356164
S044;103;1;0.5025075225677031
S044;104;1;0.6052631578947368
S044;105;1;0.7600479904019196
S044;106;1;0.7961011591148578
S044;107;1;0.7961011591148578
S044;224;1;0.7107142857142857
S044;315;1;0.7751256281407035
S044;621;1;0.5973377703826955
S044;622;1;0.6260229132569558
S044;908;1;0.7600479904019196
S044;909;1;0.7600479904019196
S044;910;1;0.7600479904019196
S044;969;1;0.7961011591148578
S044;970;1;0.7961011591148578
S044;1030;0;0.7940379403794038
S044;1031;0;0.7940379403794038
S044;1032;0;0.7940379403794038
S044;1150;1;0.7107142857142857
S044;1151;1;0.7600479904019196
S044;1223;0;0.24356077722548578
S044;1384;0;0.7961011591148578
S045;205;1;0.6569037656903766
S045;206;1;0.6569037656903766
S045;681;1;0.7751256281407035
S045;723;1;0.7940379403794038
S045;724;0;0.7940379403794038
S045;725;0;0.7940379403794038
S045;744;1;0.7751256281407035
S045;745;1;0.7751256281407035
S045;758;0;0.16429840142095914
S045;807;1;0.7983870967741935
S045;999;1;0.23130841121495327
S045;1118;0;0.6815789473684211
S045;1119;0;0.7296996662958843
S046;40;1;0.16429840142095914
S046;111;1;0.6631376323387873
S046;271;0;0.7961011591148578
S046;298;1;0.5038759689922481
S046;299;1;0.5862619808306709
S046;485;1;0.7961011591148578
S046;486;0;0.7961011591148578
S046;525;1;0.7600479904019196
S046;526;1;0.7600479904019196
S046;850;1;0.16429840142095914
S046;851;1;0.16429840142095914
S046;1123;0;0.35605234460196294
S047;479;1;0.7961011591148578
S047;480;1;0.7961011591148578
S047;528;0;0.21744186046511627
S047;529;1;0.26453488372093026
S047;530;1;0.272
S047;561;1;0.7600479904019196
S047;562;1;0.7600479904019196
S047;625;0;0.7107142857142857
S047;842;0;0.5166240409207161
S047;843;0;0.5973377703826955
S047;869;1;0.5025075225677031
S047;870;1;0.6052631578947368
S047;871;1;0.7600479904019196
S047;1077;1;0.5475517890772128
S047;1078;1;0.5475517890772128
S047;1079;1;0.5475517890772128
S047;1080;1;0.6631376323387873
S048;99;1;0.7983870967741935
S048;204;1;0.6556776556776557
S048;205;1;0.6815789473684211
S048;314;1;0.7600479904019196
S048;315;1;0.7961011591148578
S048;415;1;0.7751256281407035
S048;463;0;0.37373737373737376
S048;535;1;0.5862619808306709
S048;536;1;0.7600479904019196
S048;537;1;0.7600479904019196
S048;757;1;0.7940379403794038
S048;758;1;0.7940379403794038
S048;1084;0;0.7296996662958843
S049;43;1;0.799367088607595
S049;124;1;0.5973377703826955
S049;125;1;0.5973377703826955
S049;630;0;0.7751256281407035
S049;706;1;0.7961011591148578
S049;733;0;0.24356077722548578
S049;975;1;0.7600479904019196
S049;1234;1;0.799367088607595
S049;1235;1;0.799367088607595
S049;1236;1;0.799367088607595
S050;145;1;0.5973377703826955
S050;146;1;0.7296996662958843
S050;163;1;0.7940379403794038
S050;164;1;0.7940379403794038
S050;419;0;0.5655172413793104
S050;493;1;0.6815789473684211
S050;613;0;0.7107142857142857
S050;614;0;0.7600479904019196
S050;758;1;0.799367088607595
S050;759;0;0.799367088607595
S050;1007;1;0.7983870967741935
