source;famille;capteur;issue;designe;n;obs;ref;z;segments
repli;F01;alpha;retour27;False;106;0.7735849056603774;0.7636644291275738;0.25016871099944105;38
repli;F01;beta;retour27;False;106;0.09433962264150944;0.13877238133209907;-1.6066305843296205;38
repli;F01;gamma;retour27;False;106;0.1509433962264151;0.1755812314964343;-0.7418060740700059;38
repli;F01;delta;retour27;False;106;0.1792452830188679;0.1802296780612119;-0.038825885736024746;38
repli;F01;epsilon;retour27;False;106;0.39622641509433965;0.40002770336902693;-0.08283415575200316;38
repli;F01;;cont10;False;106;0.8207547169811321;0.8175291813351863;0.08759821839666715;38
repli;F02;alpha;retour27;False;89;0.8651685393258427;0.7920941893326143;2.0106352367155265;39
repli;F02;beta;retour27;False;89;0.1797752808988764;0.1755623492050143;0.11285272797498075;39
repli;F02;gamma;retour27;False;89;0.19101123595505617;0.19810676420491236;-0.19137470960489472;39
repli;F02;delta;retour27;False;89;0.20224719101123595;0.1802644803221504;0.879864863166523;39
repli;F02;epsilon;retour27;False;89;0.42696629213483145;0.39411112384041636;0.6430298936341253;39
repli;F02;;cont10;False;89;0.8539325842696629;0.7960004652509205;1.5270605368204693;39
repli;F03;alpha;retour27;False;109;0.7981651376146789;0.7731337344630812;0.6767890336193614;39
repli;F03;beta;retour27;False;109;0.13761467889908258;0.15699603065981382;-0.6547433310774948;39
repli;F03;gamma;retour27;False;109;0.1834862385321101;0.1781994813015838;0.1540690686177738;39
repli;F03;delta;retour27;False;109;0.13761467889908258;0.13453828449943012;0.14230093869757268;39
repli;F03;epsilon;retour27;False;109;0.4036697247706422;0.38752602564633;0.36590698852353487;39
repli;F03;;cont10;False;109;0.8073394495412844;0.8062864535928859;0.028509091426696703;39
repli;F04;alpha;retour27;False;75;0.72;0.7821339092163875;-1.2297810982510269;39
repli;F04;beta;retour27;False;75;0.17333333333333334;0.16768239673776078;0.15596179984279407;39
repli;F04;gamma;retour27;False;75;0.16;0.19471958310085238;-0.9090273792011773;39
repli;F04;delta;retour27;False;75;0.13333333333333333;0.17833581847247865;-1.5886797466541855;39
repli;F04;epsilon;retour27;False;75;0.37333333333333335;0.4144065312619479;-0.7235743641917877;39
repli;F04;;cont10;False;75;0.8133333333333334;0.7996182315889674;0.30364212273922764;39
repli;F05;alpha;retour27;False;89;0.7752808988764045;0.775753298204642;-0.010740402934224498;41
repli;F05;beta;retour27;False;89;0.10112359550561797;0.11995179625720928;-0.6445317057583866;41
repli;F05;gamma;retour27;False;89;0.10112359550561797;0.15293181755754354;-1.6222133558548983;41
repli;F05;delta;retour27;False;89;0.11235955056179775;0.11599298297595545;-0.14817992723139717;41
repli;F05;epsilon;retour27;False;89;0.4157303370786517;0.3846596097002645;0.6088244691166397;41
repli;F05;;cont10;False;89;0.8539325842696629;0.7940541464350567;1.6485945586658663;41
repli;F06;alpha;retour27;True;86;0.7558139534883721;0.7895958878593277;-0.747794113090623;37
repli;F06;beta;retour27;False;86;0.10465116279069768;0.1298022802325337;-1.1530515617062156;37
repli;F06;gamma;retour27;False;86;0.11627906976744186;0.17140696176698283;-1.9509554626831638;37
repli;F06;delta;retour27;False;86;0.10465116279069768;0.10204097349345666;0.11992429926753653;37
repli;F06;epsilon;retour27;False;86;0.38372093023255816;0.39779941851599115;-0.287831619591132;37
repli;F06;alpha;cont10;True;86;0.8488372093023255;0.7938443811243756;1.3661079519984276;37
repli;F07;alpha;retour27;False;39;0.7692307692307693;0.7576356534347147;0.1863169089567804;27
repli;F07;beta;retour27;False;39;0.20512820512820512;0.180175511692651;0.4312431407670886;27
repli;F07;gamma;retour27;False;39;0.20512820512820512;0.20068163956210505;0.08116155298873051;27
repli;F07;delta;retour27;False;39;0.1794871794871795;0.1673417954006058;0.23925900043989512;27
repli;F07;epsilon;retour27;False;39;0.4358974358974359;0.43286498752967834;0.04023730558076825;27
repli;F07;;cont10;False;39;0.8461538461538461;0.8115749222377794;0.6024048223972002;27
repli;F08;alpha;retour27;False;79;0.7215189873417721;0.7653007802379134;-0.8841154722933199;35
repli;F08;beta;retour27;False;79;0.21518987341772153;0.14728486753348502;1.7002586408461322;35
repli;F08;gamma;retour27;False;79;0.22784810126582278;0.1719497562972675;1.357841362800363;35
repli;F08;delta;retour27;False;79;0.189873417721519;0.1286982761173526;2.1764995572401715;35
repli;F08;epsilon;retour27;False;79;0.35443037974683544;0.40182452838122645;-0.9136476240244199;35
repli;F08;;cont10;False;79;0.759493670886076;0.8123772471257347;-1.129454935510801;35
repli;F09;alpha;retour27;False;95;0.7368421052631579;0.7811905645828628;-1.0030292936067544;43
repli;F09;beta;retour27;False;95;0.08421052631578947;0.13245395461185838;-1.7870137231672767;43
repli;F09;gamma;retour27;False;95;0.09473684210526316;0.17327473670335738;-2.6188782246778817;43
repli;F09;delta;retour27;False;95;0.06315789473684211;0.14005428883878698;-2.9647828431912027;43
repli;F09;epsilon;retour27;False;95;0.3894736842105263;0.385679717172937;0.07782289955730273;43
repli;F09;;cont10;False;95;0.7578947368421053;0.805244691632636;-1.1837011717633066;43
repli;F10;alpha;retour27;False;46;0.782608695652174;0.7773380598274613;0.08719867357768982;29
repli;F10;beta;retour27;False;46;0.1956521739130435;0.1490624992084935;0.9185447001842884;29
repli;F10;gamma;retour27;False;46;0.2391304347826087;0.1769312334476347;1.0104869181336948;29
repli;F10;delta;retour27;False;46;0.10869565217391304;0.1258496347677646;-0.4705701005480186;29
repli;F10;epsilon;retour27;False;46;0.45652173913043476;0.39817527983231615;0.8401127015088505;29
repli;F10;;cont10;False;46;0.7391304347826086;0.8227451576427645;-1.2583546132460108;29
repli;F11;alpha;retour27;False;88;0.7954545454545454;0.7718902228638956;0.5632775915473106;43
repli;F11;beta;retour27;False;88;0.09090909090909091;0.13800274429171996;-1.6958112748516037;43
repli;F11;gamma;retour27;True;88;0.13636363636363635;0.15719658241160592;-0.6108970575868503;43
repli;F11;delta;retour27;False;88;0.07954545454545454;0.10533303249855513;-1.119353501282333;43
repli;F11;epsilon;retour27;False;88;0.2727272727272727;0.3885720349824411;-2.447280657835751;43
repli;F11;gamma;cont10;True;88;0.8068181818181818;0.7795139893048856;0.689078556507736;43
repli;F12;alpha;retour27;False;54;0.6851851851851852;0.7704551006965957;-1.3854539733458378;31
repli;F12;beta;retour27;False;54;0.05555555555555555;0.168129719682288;-3.510618780023575;31
repli;F12;gamma;retour27;False;54;0.09259259259259259;0.19792354737877205;-2.6920558782915913;31
repli;F12;delta;retour27;False;54;0.14814814814814814;0.15679167103163932;-0.26882633522274657;31
repli;F12;epsilon;retour27;False;54;0.2777777777777778;0.4142895576209553;-2.3067664381952837;31
repli;F12;;cont10;False;54;0.8703703703703703;0.7971631852381577;1.6739217105786923;31
repli;F13;alpha;retour27;False;84;0.75;0.7664816634019387;-0.3583456414851752;40
repli;F13;beta;retour27;False;84;0.19047619047619047;0.14740469996639347;1.3560921596035598;40
repli;F13;gamma;retour27;False;84;0.19047619047619047;0.17668457093187842;0.373326637244793;40
repli;F13;delta;retour27;False;84;0.20238095238095238;0.16333797534650704;1.174359546725294;40
repli;F13;epsilon;retour27;False;84;0.38095238095238093;0.393553974554324;-0.24279049150157583;40
repli;F13;;cont10;False;84;0.8690476190476191;0.8136266768981741;1.5348161848194928;40
repli;F14;alpha;retour27;False;99;0.7676767676767676;0.7766395724422127;-0.2162873035299721;42
repli;F14;beta;retour27;False;99;0.1414141414141414;0.16808243086509908;-0.8551787650438143;42
repli;F14;gamma;retour27;False;99;0.18181818181818182;0.20331871656581324;-0.6038054366054422;42
repli;F14;delta;retour27;False;99;0.16161616161616163;0.16288658340703172;-0.04578394843345608;42
repli;F14;epsilon;retour27;False;99;0.41414141414141414;0.40074659522794837;0.28409126799438467;42
repli;F14;;cont10;False;99;0.7777777777777778;0.7991046758706173;-0.5286692030917174;42
repli;F15;alpha;retour27;False;91;0.7802197802197802;0.7808157493670156;-0.013656093390740108;43
repli;F15;beta;retour27;False;91;0.16483516483516483;0.14161122960165398;0.6966343379439468;43
repli;F15;gamma;retour27;False;91;0.1978021978021978;0.17133089671041707;0.7056905347316366;43
repli;F15;delta;retour27;False;91;0.15384615384615385;0.17101776169093588;-0.5416565314578096;43
repli;F15;epsilon;retour27;False;91;0.42857142857142855;0.38518542501342007;0.8633887761133316;43
repli;F15;;cont10;False;91;0.8021978021978022;0.7968890323752288;0.13354642168276165;43
repli;F16;alpha;retour27;False;46;0.7608695652173914;0.7566120716176506;0.06917031983269926;27
repli;F16;beta;retour27;False;46;0.1956521739130435;0.11303973612479896;1.6013302059496715;27
repli;F16;gamma;retour27;False;46;0.21739130434782608;0.1568621517735229;1.0115369995114438;27
repli;F16;delta;retour27;False;46;0.15217391304347827;0.1423179879894173;0.2248741989109627;27
repli;F16;epsilon;retour27;False;46;0.41304347826086957;0.36780442859518714;0.6388156846415162;27
repli;F16;;cont10;False;46;0.7608695652173914;0.7944330077192497;-0.5591550728338658;27
repli;F17;alpha;retour27;False;94;0.776595744680851;0.7797269493170113;-0.07470719781629705;42
repli;F17;beta;retour27;False;94;0.11702127659574468;0.14023631859589406;-0.8459736747106972;42
repli;F17;gamma;retour27;False;94;0.1276595744680851;0.16579831001113984;-1.169295232980731;42
repli;F17;delta;retour27;False;94;0.1595744680851064;0.16294193004636442;-0.17049595518157373;42
repli;F17;epsilon;retour27;False;94;0.32978723404255317;0.3827644910891706;-1.1241781255459784;42
repli;F17;;cont10;False;94;0.8191489361702128;0.8133573669139467;0.1464163968929717;42
repli;F18;alpha;retour27;False;109;0.8623853211009175;0.7737959158538499;2.8067310012493354;41
repli;F18;beta;retour27;False;109;0.14678899082568808;0.12043944813824053;0.9126902811927778;41
repli;F18;gamma;retour27;False;109;0.22018348623853212;0.16221040834563713;1.4937479740149322;41
repli;F18;delta;retour27;False;109;0.13761467889908258;0.12595512474020673;0.5244835504099944;41
repli;F18;epsilon;retour27;False;109;0.43119266055045874;0.3990098164805115;0.6850377805765365;41
repli;F18;;cont10;False;109;0.7798165137614679;0.7898167173007011;-0.270734942241198;41
repli;F19;alpha;retour27;False;105;0.819047619047619;0.7919169777186392;0.7369925556108424;45
repli;F19;beta;retour27;False;105;0.18095238095238095;0.14574514280334988;1.1085442508329275;45
repli;F19;gamma;retour27;False;105;0.19047619047619047;0.17759886332646027;0.3734244733393958;45
repli;F19;delta;retour27;False;105;0.14285714285714285;0.12828595456887534;0.545775806033619;45
repli;F19;epsilon;retour27;False;105;0.44761904761904764;0.40220647444545155;0.9651217630327437;45
repli;F19;;cont10;False;105;0.7619047619047619;0.7908158858831341;-0.7049193651163748;45
repli;F20;alpha;retour27;False;40;0.775;0.777709484847534;-0.039371271347337526;30
repli;F20;beta;retour27;True;40;0.2;0.1168948479370036;1.4710739927602332;30
repli;F20;gamma;retour27;False;40;0.2;0.14809418429041776;0.8818174304548483;30
repli;F20;delta;retour27;False;40;0.15;0.15248770242743342;-0.044589621678557644;30
repli;F20;epsilon;retour27;False;40;0.425;0.3963727733454697;0.361831884914861;30
repli;F20;beta;cont10;True;40;0.75;0.8193230300207214;-1.0822919747488147;30
repli;F21;alpha;retour27;False;69;0.782608695652174;0.797375503595038;-0.29663047975290013;33
repli;F21;beta;retour27;False;69;0.21739130434782608;0.14973215488786437;1.8664792014044682;33
repli;F21;gamma;retour27;False;69;0.2318840579710145;0.1719444485439079;1.431080345537979;33
repli;F21;delta;retour27;False;69;0.2028985507246377;0.14184967610246585;1.9957481666215648;33
repli;F21;epsilon;retour27;False;69;0.42028985507246375;0.41207930155529315;0.14455026251601114;33
repli;F21;;cont10;False;69;0.782608695652174;0.8083247342356236;-0.5254417839236457;33
repli;F22;alpha;retour27;False;92;0.75;0.7743085842212404;-0.5478044168212508;38
repli;F22;beta;retour27;False;92;0.09782608695652174;0.12180839957609602;-0.8470470980582163;38
repli;F22;gamma;retour27;False;92;0.13043478260869565;0.15635153915431427;-0.755488066619159;38
repli;F22;delta;retour27;False;92;0.14130434782608695;0.15041677326144323;-0.3392254586506827;38
repli;F22;epsilon;retour27;False;92;0.42391304347826086;0.38966347775441174;0.6947361698734671;38
repli;F22;;cont10;False;92;0.75;0.8135601973649945;-1.4165723892716662;38
repli;F23;alpha;retour27;False;87;0.6896551724137931;0.7773884184010056;-1.7707916265124677;38
repli;F23;beta;retour27;False;87;0.12643678160919541;0.10239804424508145;0.7428833084018283;38
repli;F23;gamma;retour27;False;87;0.13793103448275862;0.13688731265917;0.031236541032165804;38
repli;F23;delta;retour27;False;87;0.08045977011494253;0.10874245737333145;-1.3898951807962439;38
repli;F23;epsilon;retour27;False;87;0.2988505747126437;0.3747864410656026;-1.5913549703366654;38
repli;F23;;cont10;False;87;0.8045977011494253;0.8025804551499391;0.048310909257459185;38
repli;F24;alpha;retour27;False;93;0.8064516129032258;0.7848816205842667;0.536196536748045;42
repli;F24;beta;retour27;False;93;0.12903225806451613;0.1214605359258012;0.24854114683110046;42
repli;F24;gamma;retour27;False;93;0.15053763440860216;0.1543944850776935;-0.10634594798376261;42
repli;F24;delta;retour27;False;93;0.08602150537634409;0.09968162639893377;-0.6327959235519132;42
repli;F24;epsilon;retour27;False;93;0.43010752688172044;0.3858706898024944;0.9128042925489406;42
repli;F24;;cont10;False;93;0.7956989247311828;0.7949187229137842;0.019237834615483233;42
repli;F25;alpha;retour27;False;51;0.7058823529411765;0.768931755762289;-1.0180016844795166;33
repli;F25;beta;retour27;False;51;0.13725490196078433;0.16471761349197514;-0.6677791685776535;33
repli;F25;gamma;retour27;False;51;0.21568627450980393;0.17754880634140507;0.7395359805723785;33
repli;F25;delta;retour27;False;51;0.19607843137254902;0.2210943089165708;-0.5516378282538985;33
repli;F25;epsilon;retour27;False;51;0.3137254901960784;0.37365033457578867;-0.9011805398279029;33
repli;F25;;cont10;False;51;0.8627450980392157;0.7940105862003703;1.4557105437796691;33
repli;F26;alpha;retour27;False;94;0.8191489361702128;0.789245040453156;0.7592614724383039;44
repli;F26;beta;retour27;False;94;0.20212765957446807;0.1740640510909611;0.8526640761943832;44
repli;F26;gamma;retour27;False;94;0.2127659574468085;0.19285865884486583;0.5731781374703876;44
repli;F26;delta;retour27;True;94;0.1595744680851064;0.1416747029901734;0.6571194293651856;44
repli;F26;epsilon;retour27;False;94;0.40425531914893614;0.4127173511461022;-0.18386117811855152;44
repli;F26;delta;cont10;True;94;0.776595744680851;0.8141155602346754;-0.8931908509018788;44
repli;F27;alpha;retour27;False;101;0.801980198019802;0.7619988409972386;1.0052126309851035;41
repli;F27;beta;retour27;False;101;0.0891089108910891;0.11968166793693781;-1.1053324850583233;41
repli;F27;gamma;retour27;False;101;0.1485148514851485;0.14572822855469766;0.0895640852946664;41
repli;F27;delta;retour27;False;101;0.10891089108910891;0.1016888046984907;0.3624774018298741;41
repli;F27;epsilon;retour27;False;101;0.39603960396039606;0.35220960465879353;0.928254129846058;41
repli;F27;;cont10;False;101;0.8316831683168316;0.8143270467121032;0.4960041559325723;41
repli;F28;alpha;retour27;False;88;0.7954545454545454;0.7750130706332747;0.46087888039629643;38
repli;F28;beta;retour27;False;88;0.1590909090909091;0.1483049614997268;0.373911526779754;38
repli;F28;gamma;retour27;False;88;0.20454545454545456;0.19097668008570173;0.3955710129064651;38
repli;F28;delta;retour27;False;88;0.18181818181818182;0.12923969758507006;1.8966276140475133;38
repli;F28;epsilon;retour27;False;88;0.38636363636363635;0.40177412082247294;-0.3026254137866539;38
repli;F28;;cont10;False;88;0.8068181818181818;0.7994495545265426;0.16911046903530166;38
repli;F29;alpha;retour27;False;39;0.6923076923076923;0.7872895186181312;-1.344564673562342;28
repli;F29;beta;retour27;False;39;0.1794871794871795;0.17084445783769978;0.1951791009162713;28
repli;F29;gamma;retour27;False;39;0.20512820512820512;0.19166524161597806;0.2399168735256346;28
repli;F29;delta;retour27;False;39;0.23076923076923078;0.20062418885414865;0.7541247727238466;28
repli;F29;epsilon;retour27;False;39;0.46153846153846156;0.41742342624599643;0.5993770366513461;28
repli;F29;;cont10;False;39;0.8205128205128205;0.805966772579428;0.263333240489277;28
repli;F30;alpha;retour27;False;100;0.76;0.777113084296571;-0.39837136903755316;39
repli;F30;beta;retour27;False;100;0.12;0.1043844717478756;0.538078095099788;39
repli;F30;gamma;retour27;False;100;0.16;0.1511521847487161;0.2548032864719907;39
repli;F30;delta;retour27;False;100;0.06;0.0888690746286139;-1.565860736016489;39
repli;F30;epsilon;retour27;False;100;0.33;0.3717924447260275;-0.9191286849958616;39
repli;F30;;cont10;False;100;0.79;0.7763535662918195;0.3395443434355777;39
repli;F31;alpha;retour27;False;98;0.7857142857142857;0.7736453742529691;0.2909002018211044;42
repli;F31;beta;retour27;False;98;0.14285714285714285;0.1353285412072723;0.22855856882855974;42
repli;F31;gamma;retour27;False;98;0.22448979591836735;0.16078237013226224;1.6972330385506378;42
repli;F31;delta;retour27;False;98;0.12244897959183673;0.12412995572854396;-0.08531296549869405;42
repli;F31;epsilon;retour27;False;98;0.41836734693877553;0.38777719617271195;0.6355348322423751;42
repli;F31;;cont10;False;98;0.7653061224489796;0.7995288256065318;-0.8240280080719418;42
repli;F32;alpha;retour27;False;33;0.7878787878787878;0.771809079440658;0.2226574603799245;22
repli;F32;beta;retour27;False;33;0.09090909090909091;0.2097254979121418;-2.134796748744531;22
repli;F32;gamma;retour27;False;33;0.18181818181818182;0.23828838907382485;-1.0014387731498346;22
repli;F32;delta;retour27;False;33;0.09090909090909091;0.16651125205586198;-1.5425716076486906;22
repli;F32;epsilon;retour27;False;33;0.3333333333333333;0.41679563761632;-1.1075243698511932;22
repli;F32;;cont10;False;33;0.9393939393939394;0.7885544567260159;3.098415185548888;22
repli;F33;alpha;retour27;False;100;0.85;0.7813778138368881;1.874336126926053;42
repli;F33;beta;retour27;False;100;0.18;0.14817399177889323;1.030979746972871;42
repli;F33;gamma;retour27;False;100;0.24;0.191748532474902;1.3261372395544728;42
repli;F33;delta;retour27;False;100;0.15;0.11937625720859993;1.4718923542898532;42
repli;F33;epsilon;retour27;True;100;0.46;0.39908447441745054;1.2550827817087604;42
repli;F33;epsilon;cont10;True;100;0.82;0.8059040677926409;0.3865878932618162;42
repli;F34;alpha;retour27;False;87;0.6896551724137931;0.7743038462279858;-1.8256722235114864;40
repli;F34;beta;retour27;False;87;0.1724137931034483;0.19004713860983796;-0.5574473238443127;40
repli;F34;gamma;retour27;False;87;0.16091954022988506;0.20435638352352142;-1.2875887784526272;40
repli;F34;delta;retour27;False;87;0.20689655172413793;0.2033411938543238;0.1186300999481977;40
repli;F34;epsilon;retour27;False;87;0.3448275862068966;0.3984862220484665;-1.1961803980936394;40
repli;F34;;cont10;False;87;0.7816091954022989;0.804009415002218;-0.5141957592760009;40
repli;F35;alpha;retour27;False;80;0.8375;0.7842422845175718;1.3372584533860121;34
repli;F35;beta;retour27;False;80;0.1625;0.129695522799281;0.8993164933954814;34
repli;F35;gamma;retour27;False;80;0.1875;0.17052400630853795;0.4066466319978426;34
repli;F35;delta;retour27;False;80;0.125;0.11619763354819539;0.34814763992227354;34
repli;F35;epsilon;retour27;False;80;0.4875;0.3814817428280791;1.9523945836112795;34
repli;F35;;cont10;False;80;0.775;0.7972299567943651;-0.4725670076016174;34
repli;F36;alpha;retour27;False;83;0.7831325301204819;0.7800774231333322;0.0662648453050958;39
repli;F36;beta;retour27;False;83;0.04819277108433735;0.1175778211216873;-2.884958362258055;39
repli;F36;gamma;retour27;False;83;0.12048192771084337;0.1590403182985975;-1.0076067584411974;39
repli;F36;delta;retour27;False;83;0.08433734939759036;0.11723069877729718;-1.489720956983092;39
repli;F36;epsilon;retour27;False;83;0.3614457831325301;0.40336501659026425;-0.8051464196434021;39
repli;F36;;cont10;False;83;0.7590361445783133;0.798257040766996;-0.839163395366128;39
symbole;F01;alpha;retour27;False;146;0.6917808219178082;0.7505183546943153;-1.5459988858351992;43
symbole;F01;beta;retour27;False;146;0.13013698630136986;0.11554425963309585;0.5495739459327943;43
symbole;F01;gamma;retour27;False;146;0.1506849315068493;0.1640607431610247;-0.4778472998148759;43
symbole;F01;delta;retour27;False;146;0.1095890410958904;0.1385978143187889;-1.6043548974783841;43
symbole;F01;epsilon;retour27;False;146;0.3493150684931507;0.3516355635179777;-0.06211220126440807;43
symbole;F01;;cont10;False;146;0.7123287671232876;0.8054196942181986;-2.5818878709404753;43
symbole;F02;alpha;retour27;False;163;0.6993865030674846;0.7577411960208248;-1.6789639884999434;45
symbole;F02;beta;retour27;False;163;0.15950920245398773;0.14468884497142587;0.5696142022000106;45
symbole;F02;gamma;retour27;False;163;0.147239263803681;0.1654511433552637;-0.6908173201233957;45
symbole;F02;delta;retour27;False;163;0.17791411042944785;0.147004765764836;1.7025248793008796;45
symbole;F02;epsilon;retour27;False;163;0.3006134969325153;0.3546449460213164;-1.5152669740785603;45
symbole;F02;;cont10;False;163;0.852760736196319;0.8164487084126062;1.3372730295721544;45
symbole;F03;alpha;retour27;False;203;0.6995073891625616;0.7591980447932308;-1.852848195992509;48
symbole;F03;beta;retour27;False;203;0.15270935960591134;0.13183963042888383;0.9385088492985947;48
symbole;F03;gamma;retour27;False;203;0.15270935960591134;0.16745576869524478;-0.6086719963084072;48
symbole;F03;delta;retour27;False;203;0.16748768472906403;0.1322658141852307;1.9291899995758017;48
symbole;F03;epsilon;retour27;False;203;0.3054187192118227;0.3634872064846975;-1.8601585274534203;48
symbole;F03;;cont10;False;203;0.8325123152709359;0.8076677935759239;0.9566000170886516;48
symbole;F04;alpha;retour27;False;45;0.8;0.7789731577445174;0.342145141173352;29
symbole;F04;beta;retour27;False;45;0.2;0.18132185019319869;0.2997769203929281;29
symbole;F04;gamma;retour27;False;45;0.24444444444444444;0.20694321029899448;0.5899264480469927;29
symbole;F04;delta;retour27;False;45;0.13333333333333333;0.1738613438964382;-1.0930333904947553;29
symbole;F04;epsilon;retour27;False;45;0.4444444444444444;0.3916800892215385;0.7219203458747557;29
symbole;F04;;cont10;False;45;0.7111111111111111;0.7806512094384594;-1.0656403649637218;29
symbole;F05;alpha;retour27;False;69;0.7681159420289855;0.7902580847083263;-0.43015470945924217;34
symbole;F05;beta;retour27;False;69;0.18840579710144928;0.16994535748474388;0.5976641746221241;34
symbole;F05;gamma;retour27;False;69;0.2318840579710145;0.19968203582989816;0.7377447655392468;34
symbole;F05;delta;retour27;False;69;0.13043478260869565;0.15787177848115425;-0.7727806412595294;34
symbole;F05;epsilon;retour27;False;69;0.4492753623188406;0.41479356739968265;0.6221576981959356;34
symbole;F05;;cont10;False;69;0.8260869565217391;0.8024701382475162;0.5330311396411295;34
symbole;F06;alpha;retour27;True;117;0.8290598290598291;0.7900491954729696;1.1216103641394946;44
symbole;F06;beta;retour27;False;117;0.10256410256410256;0.12525816204879633;-0.9496848498484386;44
symbole;F06;gamma;retour27;False;117;0.15384615384615385;0.16153369123562145;-0.24289524761183978;44
symbole;F06;delta;retour27;False;117;0.08547008547008547;0.10609790743650889;-1.1300512697818565;44
symbole;F06;epsilon;retour27;False;117;0.4017094017094017;0.40805741905598863;-0.13992230079728243;44
symbole;F06;alpha;cont10;True;117;0.7777777777777778;0.7933280756501718;-0.3965211376606931;44
symbole;F07;alpha;retour27;False;28;0.7142857142857143;0.7848124534126372;-0.8874338069983007;20
symbole;F07;beta;retour27;False;28;0.32142857142857145;0.24493305093287415;1.069391395529143;20
symbole;F07;gamma;retour27;False;28;0.35714285714285715;0.2677336240813242;1.2298689708748685;20
symbole;F07;delta;retour27;False;28;0.25;0.21276466426755655;1.0144249743151748;20
symbole;F07;epsilon;retour27;False;28;0.5;0.5160665685622811;-0.18924870651179782;20
symbole;F07;;cont10;False;28;0.75;0.8139576509221402;-0.7993488831477948;20
symbole;F08;alpha;retour27;False;55;0.8;0.7995214948668702;0.009158765937545303;32
symbole;F08;beta;retour27;False;55;0.09090909090909091;0.11740953211934115;-1.18077984581225;32
symbole;F08;gamma;retour27;False;55;0.10909090909090909;0.15365589653804254;-1.5376521970422647;32
symbole;F08;delta;retour27;False;55;0.07272727272727272;0.09876507832113836;-1.263620396371653;32
symbole;F08;epsilon;retour27;False;55;0.45454545454545453;0.38858528392282476;1.0250419771683705;32
symbole;F08;;cont10;False;55;0.8181818181818182;0.7964101734669841;0.41921569440592754;32
symbole;F09;alpha;retour27;False;69;0.855072463768116;0.7973142836061637;1.375038054110525;37
symbole;F09;beta;retour27;False;69;0.057971014492753624;0.14920752818672714;-3.5987882859125166;37
symbole;F09;gamma;retour27;False;69;0.11594202898550725;0.17369779088643056;-1.569407413341737;37
symbole;F09;delta;retour27;False;69;0.13043478260869565;0.15285635779629583;-0.6717546653575478;37
symbole;F09;epsilon;retour27;False;69;0.37681159420289856;0.42026291752699363;-0.7702668523853801;37
symbole;F09;;cont10;False;69;0.855072463768116;0.8203444359785457;0.8255489625926136;37
symbole;F10;alpha;retour27;False;42;0.8095238095238095;0.7865379910929056;0.38148701896692494;27
symbole;F10;beta;retour27;False;42;0.19047619047619047;0.13315021267469657;1.2972844408151116;27
symbole;F10;gamma;retour27;False;42;0.19047619047619047;0.17617985827619354;0.26736350520732055;27
symbole;F10;delta;retour27;False;42;0.16666666666666666;0.08652955144165835;2.165604067867255;27
symbole;F10;epsilon;retour27;False;42;0.3333333333333333;0.40672103991250147;-0.9807273711941336;27
symbole;F10;;cont10;False;42;0.7857142857142857;0.8078271132295941;-0.3607025116630684;27
symbole;F11;alpha;retour27;False;62;0.7903225806451613;0.7840460550435293;0.1234898564529459;36
symbole;F11;beta;retour27;False;62;0.12903225806451613;0.15477122338562277;-0.6402962805338156;36
symbole;F11;gamma;retour27;True;62;0.20967741935483872;0.18040756700448832;0.6030876657271932;36
symbole;F11;delta;retour27;False;62;0.14516129032258066;0.14996655940798054;-0.11062420414003016;36
symbole;F11;epsilon;retour27;False;62;0.41935483870967744;0.4161806768809427;0.054152168744989106;36
symbole;F11;gamma;cont10;True;62;0.8709677419354839;0.8168120995778504;1.268230477502009;36
symbole;F12;alpha;retour27;False;32;0.9375;0.8006787829223259;2.82368719734406;23
symbole;F12;beta;retour27;False;32;0.0625;0.11757607645838265;-1.251929685381835;23
symbole;F12;gamma;retour27;False;32;0.15625;0.15095440437599922;0.09242058159564222;23
symbole;F12;delta;retour27;False;32;0.0625;0.08568676440336327;-0.6469729807869105;23
symbole;F12;epsilon;retour27;False;32;0.59375;0.4041487877961353;2.213515511947078;23
symbole;F12;;cont10;False;32;0.75;0.7803457089670123;-0.41195662903489255;23
symbole;F13;alpha;retour27;False;61;0.8032786885245902;0.8121157927077115;-0.17674433710060952;35
symbole;F13;beta;retour27;False;61;0.21311475409836064;0.16449326427879404;1.4542425961112164;35
symbole;F13;gamma;retour27;False;61;0.22950819672131148;0.2089690719079295;0.456310780471886;35
symbole;F13;delta;retour27;False;61;0.16393442622950818;0.1502730163296999;0.36930210251376655;35
symbole;F13;epsilon;retour27;False;61;0.4918032786885246;0.4409150811485747;0.8099776392256125;35
symbole;F13;;cont10;False;61;0.6885245901639344;0.790918253844905;-1.742683342315117;35
symbole;F14;alpha;retour27;False;59;0.847457627118644;0.8278434333709975;0.42247594738900973;30
symbole;F14;beta;retour27;False;59;0.1694915254237288;0.18050740264383178;-0.2523222118966333;30
symbole;F14;gamma;retour27;False;59;0.22033898305084745;0.20151197927749792;0.37921981253120735;30
symbole;F14;delta;retour27;False;59;0.1694915254237288;0.19322552939937862;-0.7691413798437009;30
symbole;F14;epsilon;retour27;False;59;0.4576271186440678;0.4659034042249023;-0.12947653701462253;30
symbole;F14;;cont10;False;59;0.6779661016949152;0.8127243351045934;-2.274740841613452;30
symbole;F15;alpha;retour27;False;102;0.7156862745098039;0.7688472410199164;-1.230372226585027;35
symbole;F15;beta;retour27;False;102;0.10784313725490197;0.14068616123352126;-1.232557020677884;35
symbole;F15;gamma;retour27;False;102;0.12745098039215685;0.1767295198260784;-1.6167678352896107;35
symbole;F15;delta;retour27;False;102;0.11764705882352941;0.1341174246243128;-0.6471798287074088;35
symbole;F15;epsilon;retour27;False;102;0.38235294117647056;0.39668262592140346;-0.3205623201914103;35
symbole;F15;;cont10;False;102;0.7941176470588235;0.8098989418484754;-0.40512309996709395;35
symbole;F16;alpha;retour27;False;102;0.6666666666666666;0.7587874746727891;-1.9896687452186381;43
symbole;F16;beta;retour27;False;102;0.09803921568627451;0.10772270563731223;-0.35915637907177633;43
symbole;F16;gamma;retour27;False;102;0.09803921568627451;0.14040319221250575;-1.4755625460021442;43
symbole;F16;delta;retour27;False;102;0.06862745098039216;0.0991845239200002;-1.393684791553958;43
symbole;F16;epsilon;retour27;False;102;0.3333333333333333;0.3523389031932493;-0.412117411711432;43
symbole;F16;;cont10;False;102;0.9117647058823529;0.805953817929514;3.9333497914503077;43
symbole;F17;alpha;retour27;False;90;0.8222222222222222;0.7719989373108771;1.2793567680746494;39
symbole;F17;beta;retour27;False;90;0.13333333333333333;0.13895994580185647;-0.20272940275337806;39
symbole;F17;gamma;retour27;False;90;0.14444444444444443;0.17071817707516518;-0.8266908406620357;39
symbole;F17;delta;retour27;False;90;0.13333333333333333;0.1087973601789688;0.9385058808426852;39
symbole;F17;epsilon;retour27;False;90;0.4666666666666667;0.4007742996794292;1.2746242331002249;39
symbole;F17;;cont10;False;90;0.7666666666666667;0.7986267322219218;-0.7503875669828511;39
symbole;F18;alpha;retour27;False;75;0.76;0.7720827543446258;-0.2458229527487762;41
symbole;F18;beta;retour27;False;75;0.18666666666666668;0.15207671403027012;0.8775186145020971;41
symbole;F18;gamma;retour27;False;75;0.24;0.1739663163565129;1.4200917841268361;41
symbole;F18;delta;retour27;False;75;0.13333333333333333;0.12803790265267473;0.18009862041298233;41
symbole;F18;epsilon;retour27;False;75;0.4;0.3777366324216452;0.4257766509590914;41
symbole;F18;;cont10;False;75;0.8933333333333333;0.8151886453360637;2.242279530167297;41
symbole;F19;alpha;retour27;False;57;0.7368421052631579;0.8058421442520964;-1.177198863545795;28
symbole;F19;beta;retour27;False;57;0.12280701754385964;0.15368043961960962;-0.8054391010895549;28
symbole;F19;gamma;retour27;False;57;0.14035087719298245;0.17308866884834667;-0.8327225597670418;28
symbole;F19;delta;retour27;False;57;0.19298245614035087;0.17189978884426838;0.5865097819834836;28
symbole;F19;epsilon;retour27;False;57;0.2982456140350877;0.4225717563696916;-2.1259484744901047;28
symbole;F19;;cont10;False;57;0.7543859649122807;0.7721695584220234;-0.32517079701726226;28
symbole;F20;alpha;retour27;False;53;0.8301886792452831;0.7760597276328426;1.091959725586515;35
symbole;F20;beta;retour27;True;53;0.20754716981132076;0.13855901603119947;1.5922612212184308;35
symbole;F20;gamma;retour27;False;53;0.16981132075471697;0.16282485110383008;0.14263741685007877;35
symbole;F20;delta;retour27;False;53;0.20754716981132076;0.19890326037875847;0.21709034756585546;35
symbole;F20;epsilon;retour27;False;53;0.4528301886792453;0.3760671199572743;1.1741468705251248;35
symbole;F20;beta;cont10;True;53;0.9056603773584906;0.8048999305235499;2.3425545605576743;35
symbole;F21;alpha;retour27;False;63;0.8095238095238095;0.7954371600535323;0.2851027417257813;28
symbole;F21;beta;retour27;False;63;0.15873015873015872;0.1674445802823652;-0.21983457287298816;28
symbole;F21;gamma;retour27;False;63;0.25396825396825395;0.18497943193372196;1.3656192090443993;28
symbole;F21;delta;retour27;False;63;0.12698412698412698;0.13089905230968377;-0.14123456939210094;28
symbole;F21;epsilon;retour27;False;63;0.5079365079365079;0.4350840094592002;1.1781722685043352;28
symbole;F21;;cont10;False;63;0.8095238095238095;0.7821537087478994;0.5518651090883884;28
symbole;F22;alpha;retour27;False;62;0.8064516129032258;0.7842628723409811;0.4468108606096297;29
symbole;F22;beta;retour27;False;62;0.08064516129032258;0.12802915663275952;-1.5725352523083718;29
symbole;F22;gamma;retour27;False;62;0.16129032258064516;0.16657744120508497;-0.12016247729155846;29
symbole;F22;delta;retour27;False;62;0.08064516129032258;0.12914935667064747;-1.5009462678722159;29
symbole;F22;epsilon;retour27;False;62;0.43548387096774194;0.3989992994178258;0.5971854841868767;29
symbole;F22;;cont10;False;62;0.7580645161290323;0.78498548874814;-0.5112457308818237;29
symbole;F23;alpha;retour27;False;67;0.7910447761194029;0.7781449211190238;0.26513755742691797;32
symbole;F23;beta;retour27;False;67;0.1044776119402985;0.14278915765174424;-1.0769353003770374;32
symbole;F23;gamma;retour27;False;67;0.13432835820895522;0.1666884273173206;-0.739881235450699;32
symbole;F23;delta;retour27;False;67;0.13432835820895522;0.15083937535594008;-0.5039543211309043;32
symbole;F23;epsilon;retour27;False;67;0.3582089552238806;0.3917633440039821;-0.5350702025288507;32
symbole;F23;;cont10;False;67;0.7761194029850746;0.813565248862209;-0.7405194708526802;32
symbole;F24;alpha;retour27;False;58;0.8275862068965517;0.7959629137003896;0.6672747954043123;24
symbole;F24;beta;retour27;False;58;0.06896551724137931;0.1520718250866627;-2.5967687138243867;24
symbole;F24;gamma;retour27;False;58;0.22413793103448276;0.1760059096011082;0.8626618434076123;24
symbole;F24;delta;retour27;False;58;0.06896551724137931;0.14327910690680418;-2.8692137685144408;24
symbole;F24;epsilon;retour27;False;58;0.5344827586206896;0.41432135671962167;1.9234161312541707;24
symbole;F24;;cont10;False;58;0.7758620689655172;0.7781851949197116;-0.04514068259904583;24
symbole;F25;alpha;retour27;False;34;0.8823529411764706;0.7950164181176461;1.5563485620923652;25
symbole;F25;beta;retour27;False;34;0.17647058823529413;0.11315578049778266;1.0122254792107905;25
symbole;F25;gamma;retour27;False;34;0.23529411764705882;0.16360987168952282;0.9720197069711737;25
symbole;F25;delta;retour27;False;34;0.08823529411764706;0.07530965194619808;0.3778277921063187;25
symbole;F25;epsilon;retour27;False;34;0.38235294117647056;0.382375195187851;-0.00025744601779328495;25
symbole;F25;;cont10;False;34;0.7941176470588235;0.8024939844337583;-0.1257062848809152;25
symbole;F26;alpha;retour27;False;84;0.8452380952380952;0.8014355481463198;1.1144530185548116;38
symbole;F26;beta;retour27;False;84;0.21428571428571427;0.2052743092053704;0.24747984247004584;38
symbole;F26;gamma;retour27;False;84;0.23809523809523808;0.22756365048139718;0.2567633425277145;38
symbole;F26;delta;retour27;True;84;0.2261904761904762;0.17820332506706849;1.8601777709852902;38
symbole;F26;epsilon;retour27;False;84;0.5;0.451014424106539;0.9247728061038568;38
symbole;F26;delta;cont10;True;84;0.6904761904761905;0.787183630302436;-1.9834460312689899;38
symbole;F27;alpha;retour27;False;55;0.7454545454545455;0.770335256045994;-0.4279719544897485;27
symbole;F27;beta;retour27;False;55;0.2;0.1706845799090605;0.6599182910933731;27
symbole;F27;gamma;retour27;False;55;0.2727272727272727;0.19674884293580977;1.5739337134293903;27
symbole;F27;delta;retour27;False;55;0.18181818181818182;0.1990486960774204;-0.4962610864925878;27
symbole;F27;epsilon;retour27;False;55;0.4727272727272727;0.4268765057298138;0.7518345632896437;27
symbole;F27;;cont10;False;55;0.8727272727272727;0.7832402734561049;2.0838890225255655;27
symbole;F28;alpha;retour27;False;131;0.7633587786259542;0.7643467683090619;-0.02723242732929441;45
symbole;F28;beta;retour27;False;131;0.17557251908396945;0.1454943131494648;1.0651633248053154;45
symbole;F28;gamma;retour27;False;131;0.19083969465648856;0.1706165211753237;0.6492161524575636;45
symbole;F28;delta;retour27;False;131;0.1450381679389313;0.12485964547719514;1.181668055722555;45
symbole;F28;epsilon;retour27;False;131;0.3511450381679389;0.3848565565249767;-0.8105869237608466;45
symbole;F28;;cont10;False;131;0.7938931297709924;0.7875552765162774;0.18160440753137877;45
symbole;F29;alpha;retour27;False;33;0.9393939393939394;0.8221162908204783;2.984147627422662;22
symbole;F29;beta;retour27;False;33;0.15151515151515152;0.15950300020568384;-0.16516010521634614;22
symbole;F29;gamma;retour27;False;33;0.15151515151515152;0.19787639183194633;-1.078122385867951;22
symbole;F29;delta;retour27;False;33;0.06060606060606061;0.18113649595163717;-2.7414657941440903;22
symbole;F29;epsilon;retour27;False;33;0.42424242424242425;0.4590935809214994;-0.4144915252516132;22
symbole;F29;;cont10;False;33;0.7878787878787878;0.7848859710114294;0.04214332329815804;22
symbole;F30;alpha;retour27;False;95;0.7578947368421053;0.7667171317236355;-0.20108781693736216;41
symbole;F30;beta;retour27;False;95;0.14736842105263157;0.13341839713582546;0.4351956541970434;41
symbole;F30;gamma;retour27;False;95;0.1368421052631579;0.15862039673039174;-0.6686887743958303;41
symbole;F30;delta;retour27;False;95;0.1368421052631579;0.1429044908701885;-0.2290150343088578;41
symbole;F30;epsilon;retour27;False;95;0.3368421052631579;0.3797055795364466;-0.9236830179099889;41
symbole;F30;;cont10;False;95;0.8210526315789474;0.817961655329736;0.07645383720262161;41
symbole;F31;alpha;retour27;False;129;0.8372093023255814;0.7799956958109366;1.7840680905390645;44
symbole;F31;beta;retour27;False;129;0.16279069767441862;0.12728881024120312;1.2021253494116342;44
symbole;F31;gamma;retour27;False;129;0.20930232558139536;0.16732561128811566;1.3066865067966136;44
symbole;F31;delta;retour27;False;129;0.17054263565891473;0.1425815879063907;1.1180143810003778;44
symbole;F31;epsilon;retour27;False;129;0.4263565891472868;0.4076018746487641;0.4391581654140665;44
symbole;F31;;cont10;False;129;0.7906976744186046;0.8011151293613992;-0.2992260294781316;44
symbole;F32;alpha;retour27;False;138;0.6739130434782609;0.7319366919501921;-1.477624930943763;37
symbole;F32;beta;retour27;False;138;0.043478260869565216;0.11599396084060301;-4.012740266390814;37
symbole;F32;gamma;retour27;False;138;0.07971014492753623;0.14770822666102693;-3.2096378277746;37
symbole;F32;delta;retour27;False;138;0.12318840579710146;0.14428835177051322;-1.1588235024661435;37
symbole;F32;epsilon;retour27;False;138;0.2318840579710145;0.3215338768425906;-2.535006898883705;37
symbole;F32;;cont10;False;138;0.8695652173913043;0.8007901752652142;2.420093114421489;37
symbole;F33;alpha;retour27;False;112;0.875;0.7796780751189003;2.889286327615462;38
symbole;F33;beta;retour27;False;112;0.125;0.12355662444847247;0.05400945528659404;38
symbole;F33;gamma;retour27;False;112;0.15178571428571427;0.15711588199551565;-0.19490182092350636;38
symbole;F33;delta;retour27;False;112;0.11607142857142858;0.09676954447028023;0.8844791865800655;38
symbole;F33;epsilon;retour27;True;112;0.4375;0.37493204152276477;1.4127255901944895;38
symbole;F33;epsilon;cont10;True;112;0.8660714285714286;0.818902328403264;1.5029384845785705;38
symbole;F34;alpha;retour27;False;53;0.8113207547169812;0.8040321914272889;0.13374648688332974;33
symbole;F34;beta;retour27;False;53;0.11320754716981132;0.1722012697973549;-1.7846684473450936;33
symbole;F34;gamma;retour27;False;53;0.2641509433962264;0.20825924546809021;1.1588988524761326;33
symbole;F34;delta;retour27;False;53;0.16981132075471697;0.19737955839289117;-0.7451409306113841;33
symbole;F34;epsilon;retour27;False;53;0.4716981132075472;0.4320902276175316;0.6165543025010104;33
symbole;F34;;cont10;False;53;0.7358490566037735;0.8153085920533079;-1.3538369568909678;33
symbole;F35;alpha;retour27;False;128;0.8046875;0.7745754356492309;0.8943277904984013;45
symbole;F35;beta;retour27;False;128;0.1640625;0.13895689950539722;0.9006825766450894;45
symbole;F35;gamma;retour27;False;128;0.1875;0.16643575101422908;0.6343582443766725;45
symbole;F35;delta;retour27;False;128;0.171875;0.14615707953377507;1.12733789031483;45
symbole;F35;epsilon;retour27;False;128;0.3984375;0.39235667044481415;0.14530800803419627;45
symbole;F35;;cont10;False;128;0.8125;0.7994572375271605;0.4020333213114385;45
symbole;F36;alpha;retour27;False;46;0.8695652173913043;0.8115527083875985;1.143562213842573;28
symbole;F36;beta;retour27;False;46;0.21739130434782608;0.15465673726405862;1.1586976236721735;28
symbole;F36;gamma;retour27;False;46;0.1956521739130435;0.19872094664835868;-0.054647151314484194;28
symbole;F36;delta;retour27;False;46;0.17391304347826086;0.1465973842830842;0.8694344431258545;28
symbole;F36;epsilon;retour27;False;46;0.45652173913043476;0.42912136093213;0.3805068298727941;28
symbole;F36;;cont10;False;46;0.6521739130434783;0.7749119618638778;-1.7566017248819743;28
