bloc;id;description;n;segments;valeur;reference;p;verdict
1;1.1;symbole recalculé depuis les 7 derniers pas;66920;50.0;1.0;1.0;;règle confirmée
1;1.2;symbole toujours < 64 (bit 6 nul);67220;50.0;63.0;127.0;;structure de construction
1;1.1;symbole recalculé depuis les 7 derniers pas;66920;50.0;1.0;1.0;;règle confirmée
1;1.2;symbole toujours < 64 (bit 6 nul);67220;50.0;63.0;127.0;;structure de construction
2;2.1;activité au pas ≡ 0 (mod 60) vs moyenne;1121;50.0;1.5798176233213783;1.0;;fort
2;2.2;amplitude au pas ≡ 0 (mod 60) vs moyenne;1121;;1.4919343584203189;1.0;;fort
2;2.3;autocorrélation lag 1 des variations;67130;50.0;-0.0238901869634063;0.0;;voir valeur
2;2.4;mémoire de |variation| (lag 10);67130;50.0;0.1652365242686931;0.0;;fort
2;2.5;amplitude au pas qui suit la pause;40;40.0;1.0637614208565631;0.8357533211557316;;à creuser
3;03.cont;le symbole prédit cont au pas suivant (corrélation A1/A2 des 64 profils);66830;50.0;-0.0772480110351937;0.0;0.5440422072327554;ne réplique pas
3;03.ampl;le symbole prédit ampl au pas suivant (corrélation A1/A2 des 64 profils);66830;50.0;0.2390567765567765;0.0;0.0571129215990475;ne réplique pas
3;03.act;le symbole prédit act au pas suivant (corrélation A1/A2 des 64 profils);66830;50.0;0.6503229263278915;0.0;6.030563077766778e-09;réplique
4;04.F06.alpha.bas1;appel F06->alpha : bascule en 1 pas;2137;50.0;0.1039;0.0961;0.1810748666234465;rang 13/36
4;04.F06.alpha.rap1;appel F06->alpha : rapprochement en 1 pas;2137;50.0;0.5391;0.5446;0.5902840221047816;rang 24/36
4;04.F06.alpha.bas3;appel F06->alpha : bascule en 3 pas;2135;50.0;0.2276;0.2225;0.509103015945573;rang 23/36
4;04.F06.alpha.rap3;appel F06->alpha : rapprochement en 3 pas;2135;50.0;0.5555;0.5568;0.8880922811220653;rang 32/36
4;04.F06.alpha.bas9;appel F06->alpha : bascule en 9 pas;2126;50.0;0.4906;0.4704;0.0410128523760184;rang 11/36
4;04.F06.alpha.rap9;appel F06->alpha : rapprochement en 9 pas;2126;50.0;0.5536;0.5502;0.688918733688693;rang 31/36
4;04.F06.alpha.bas27;appel F06->alpha : bascule en 27 pas;2091;50.0;0.8637;0.8475;0.0288219536298754;rang 3/36
4;04.F06.alpha.rap27;appel F06->alpha : rapprochement en 27 pas;2091;50.0;0.5328;0.5329;0.9827682801066424;rang 36/36
4;04.F33.epsilon.bas1;appel F33->epsilon : bascule en 1 pas;2180;50.0;0.0638;0.0663;0.5810295747161093;rang 19/36
4;04.F33.epsilon.rap1;appel F33->epsilon : rapprochement en 1 pas;2180;50.0;0.528;0.5379;0.3396165007211618;rang 16/36
4;04.F33.epsilon.bas3;appel F33->epsilon : bascule en 3 pas;2173;50.0;0.1491;0.1563;0.2687541642406061;rang 14/36
4;04.F33.epsilon.rap3;appel F33->epsilon : rapprochement en 3 pas;2173;50.0;0.5509;0.5475;0.7377930564206807;rang 31/36
4;04.F33.epsilon.bas9;appel F33->epsilon : bascule en 9 pas;2164;50.0;0.3369;0.3306;0.4833610079410512;rang 26/36
4;04.F33.epsilon.rap9;appel F33->epsilon : rapprochement en 9 pas;2164;50.0;0.5638;0.5526;0.2239513467943397;rang 11/36
4;04.F33.epsilon.bas27;appel F33->epsilon : bascule en 27 pas;2137;50.0;0.6378;0.6337;0.6708131423003777;rang 29/36
4;04.F33.epsilon.rap27;appel F33->epsilon : rapprochement en 27 pas;2137;50.0;0.5208;0.5303;0.2562612546082798;rang 17/36
4;04.F11.gamma.bas1;appel F11->gamma : bascule en 1 pas;2125;50.0;0.0551;0.0527;0.5965886109608132;rang 22/36
4;04.F11.gamma.rap1;appel F11->gamma : rapprochement en 1 pas;2125;50.0;0.5016;0.5201;0.0849459577861067;rang 5/36
4;04.F11.gamma.bas3;appel F11->gamma : bascule en 3 pas;2124;50.0;0.1328;0.1187;0.0267115795896919;rang 1/36
4;04.F11.gamma.rap3;appel F11->gamma : rapprochement en 3 pas;2124;50.0;0.5137;0.5255;0.2598049818436568;rang 15/36
4;04.F11.gamma.bas9;appel F11->gamma : bascule en 9 pas;2114;50.0;0.2465;0.2415;0.5250138151952171;rang 22/36
4;04.F11.gamma.rap9;appel F11->gamma : rapprochement en 9 pas;2114;50.0;0.5199;0.5281;0.3963854063411466;rang 14/36
4;04.F11.gamma.bas27;appel F11->gamma : bascule en 27 pas;2083;50.0;0.458;0.4524;0.5584197412218108;rang 21/36
4;04.F11.gamma.rap27;appel F11->gamma : rapprochement en 27 pas;2083;50.0;0.5142;0.52;0.5152321367905306;rang 23/36
4;04.F20.beta.bas1;appel F20->beta : bascule en 1 pas;1078;50.0;0.0399;0.038;0.7166044498028377;rang 28/36
4;04.F20.beta.rap1;appel F20->beta : rapprochement en 1 pas;1078;50.0;0.5028;0.521;0.2251934717113013;rang 9/36
4;04.F20.beta.bas3;appel F20->beta : bascule en 3 pas;1074;50.0;0.0903;0.0854;0.5058954028077642;rang 16/36
4;04.F20.beta.rap3;appel F20->beta : rapprochement en 3 pas;1074;50.0;0.5186;0.5319;0.366331602266286;rang 17/36
4;04.F20.beta.bas9;appel F20->beta : bascule en 9 pas;1070;50.0;0.1748;0.1788;0.6730071407105067;rang 28/36
4;04.F20.beta.rap9;appel F20->beta : rapprochement en 9 pas;1070;50.0;0.543;0.5431;0.9947793699447022;rang 36/36
4;04.F20.beta.bas27;appel F20->beta : bascule en 27 pas;1054;50.0;0.3454;0.3496;0.739120239099514;rang 29/36
4;04.F20.beta.rap27;appel F20->beta : rapprochement en 27 pas;1054;50.0;0.5285;0.5464;0.1719614628690815;rang 9/36
4;04.F26.delta.bas1;appel F26->delta : bascule en 1 pas;2311;50.0;0.0199;0.0208;0.7508410460151947;rang 28/36
4;04.F26.delta.rap1;appel F26->delta : rapprochement en 1 pas;2311;50.0;0.5227;0.5189;0.7075738022274318;rang 26/36
4;04.F26.delta.bas3;appel F26->delta : bascule en 3 pas;2306;50.0;0.0499;0.0489;0.8099036055964213;rang 26/36
4;04.F26.delta.rap3;appel F26->delta : rapprochement en 3 pas;2306;50.0;0.5356;0.5288;0.5084612220990258;rang 22/36
4;04.F26.delta.bas9;appel F26->delta : bascule en 9 pas;2299;50.0;0.1027;0.1041;0.7820919520343436;rang 29/36
4;04.F26.delta.rap9;appel F26->delta : rapprochement en 9 pas;2299;50.0;0.5276;0.541;0.1820499611479343;rang 9/36
4;04.F26.delta.bas27;appel F26->delta : bascule en 27 pas;2267;50.0;0.2069;0.2065;0.9616269545551628;rang 33/36
4;04.F26.delta.rap27;appel F26->delta : rapprochement en 27 pas;2267;50.0;0.5487;0.5545;0.5502607191548248;rang 22/36
5;05.1;nombre d'extrêmes par segment vs surrogat mélangé;2918;50.0;58.36;77.4628;;5/50 segments au-dessus
5;05.2.1;extrême suivi d'un extrême de même type en 1 pas vs surrogat;2918;50.0;0.4873;0.4892;;
5;05.2.3;extrême suivi d'un extrême de même type en 3 pas vs surrogat;2918;50.0;0.6621;0.6722;;
5;05.2.5;extrême suivi d'un extrême de même type en 5 pas vs surrogat;2918;50.0;0.7279;0.7411;;
5;05.2.10;extrême suivi d'un extrême de même type en 10 pas vs surrogat;2918;50.0;0.8019;0.8149;;
5;05.2.30;extrême suivi d'un extrême de même type en 30 pas vs surrogat;2918;50.0;0.877;0.8922;;
5;05.repli.F06.alpha;extrême dont la famille (repli) appelle alpha : retour sous/sur le niveau en 27 pas;86;37.0;0.7558;0.7896;0.4545843535071401;
5;05.repli.F11.gamma;extrême dont la famille (repli) appelle gamma : retour sous/sur le niveau en 27 pas;88;43.0;0.1364;0.1572;0.5412677329173863;
5;05.repli.F20.beta;extrême dont la famille (repli) appelle beta : retour sous/sur le niveau en 27 pas;40;30.0;0.2;0.1169;0.1412711074960512;
5;05.repli.F26.delta;extrême dont la famille (repli) appelle delta : retour sous/sur le niveau en 27 pas;94;44.0;0.1596;0.1417;0.5111041268006716;
5;05.repli.F33.epsilon;extrême dont la famille (repli) appelle epsilon : retour sous/sur le niveau en 27 pas;100;42.0;0.46;0.3991;0.2094487103063557;
5;05.symbole.F06.alpha;extrême dont la famille (symbole) appelle alpha : retour sous/sur le niveau en 27 pas;117;44.0;0.8291;0.79;0.2620281430353328;
5;05.symbole.F11.gamma;extrême dont la famille (symbole) appelle gamma : retour sous/sur le niveau en 27 pas;62;36.0;0.2097;0.1804;0.5464503713311044;
5;05.symbole.F20.beta;extrême dont la famille (symbole) appelle beta : retour sous/sur le niveau en 27 pas;53;35.0;0.2075;0.1386;0.1113260223581431;
5;05.symbole.F26.delta;extrême dont la famille (symbole) appelle delta : retour sous/sur le niveau en 27 pas;84;38.0;0.2262;0.1782;0.0628603789404596;
5;05.symbole.F33.epsilon;extrême dont la famille (symbole) appelle epsilon : retour sous/sur le niveau en 27 pas;112;38.0;0.4375;0.3749;0.1577364242673923;
6;06.casc.alpha.epsilon;bascule de alpha vers le côté opposé à epsilon : epsilon bascule en 27 pas;2948;50.0;0.8341;0.8054;2.338478739489314e-05;
6;06.casc.epsilon.gamma;bascule de epsilon vers le côté opposé à gamma : gamma bascule en 54 pas;2123;50.0;0.8314;0.8052;0.0010023407043107;
6;06.casc.gamma.beta;bascule de gamma vers le côté opposé à beta : beta bascule en 108 pas;1291;50.0;0.9156;0.8897;0.0007902379895485;
6;06.casc.beta.delta;bascule de beta vers le côté opposé à delta : delta bascule en 162 pas;1056;50.0;0.7472;0.7252;0.0851688391296248;
6;06.collage.F06.alpha;fin de run dont le collage appelle alpha : alpha bascule en 27 pas;608;50.0;0.8586;0.8697;0.4237624931597969;
6;06.collage.F11.gamma;fin de run dont le collage appelle gamma : gamma bascule en 27 pas;559;50.0;0.6583;0.6264;0.0764711473191879;
6;06.collage.F20.beta;fin de run dont le collage appelle beta : beta bascule en 27 pas;287;49.0;0.5575;0.5028;0.0325000900648326;
6;06.collage.F26.delta;fin de run dont le collage appelle delta : delta bascule en 27 pas;594;50.0;0.3047;0.2869;0.2248017881148353;
6;06.collage.F33.epsilon;fin de run dont le collage appelle epsilon : epsilon bascule en 27 pas;578;50.0;0.7734;0.753;0.2160108669064099;
6;06.longueur.F06.alpha;fin de run dont le longueur appelle alpha : alpha bascule en 27 pas;238;50.0;0.7983;0.8713;0.0041948549880179;
6;06.longueur.F11.gamma;fin de run dont le longueur appelle gamma : gamma bascule en 27 pas;283;50.0;0.5901;0.6436;0.0514732941228978;
6;06.longueur.F20.beta;fin de run dont le longueur appelle beta : beta bascule en 27 pas;150;48.0;0.5467;0.5157;0.3705176189231552;
6;06.longueur.F26.delta;fin de run dont le longueur appelle delta : delta bascule en 27 pas;202;49.0;0.3465;0.3018;0.1235446384086994;
6;06.longueur.F33.epsilon;fin de run dont le longueur appelle epsilon : epsilon bascule en 27 pas;247;48.0;0.7449;0.7797;0.1874082299045433;
6;06.casc.alpha.epsilon;bascule de alpha vers le côté opposé à epsilon : epsilon bascule en 27 pas;2948;50.0;0.8341;0.8054;2.338478739489314e-05;
6;06.casc.epsilon.gamma;bascule de epsilon vers le côté opposé à gamma : gamma bascule en 54 pas;2123;50.0;0.8314;0.8052;0.0010023407043107;
6;06.casc.gamma.beta;bascule de gamma vers le côté opposé à beta : beta bascule en 108 pas;1291;50.0;0.9156;0.8897;0.0007902379895485;
6;06.casc.beta.delta;bascule de beta vers le côté opposé à delta : delta bascule en 162 pas;1056;50.0;0.7472;0.7252;0.0851688391296248;
6;06.collage.F06.alpha;fin de run dont le collage appelle alpha : alpha bascule en 27 pas;608;50.0;0.8586;0.8697;0.4237624931597969;
6;06.collage.F11.gamma;fin de run dont le collage appelle gamma : gamma bascule en 27 pas;559;50.0;0.6583;0.6264;0.0764711473191879;
6;06.collage.F20.beta;fin de run dont le collage appelle beta : beta bascule en 27 pas;287;49.0;0.5575;0.5028;0.0325000900648326;
6;06.collage.F26.delta;fin de run dont le collage appelle delta : delta bascule en 27 pas;594;50.0;0.3047;0.2869;0.2248017881148353;
6;06.collage.F33.epsilon;fin de run dont le collage appelle epsilon : epsilon bascule en 27 pas;578;50.0;0.7734;0.753;0.2160108669064099;
6;06.longueur.F06.alpha;fin de run dont le longueur appelle alpha : alpha bascule en 27 pas;238;50.0;0.7983;0.8713;0.0041948549880179;
6;06.longueur.F11.gamma;fin de run dont le longueur appelle gamma : gamma bascule en 27 pas;283;50.0;0.5901;0.6436;0.0514732941228978;
6;06.longueur.F20.beta;fin de run dont le longueur appelle beta : beta bascule en 27 pas;150;48.0;0.5467;0.5157;0.3705176189231552;
6;06.longueur.F26.delta;fin de run dont le longueur appelle delta : delta bascule en 27 pas;202;49.0;0.3465;0.3018;0.1235446384086994;
6;06.longueur.F33.epsilon;fin de run dont le longueur appelle epsilon : epsilon bascule en 27 pas;247;48.0;0.7449;0.7797;0.1874082299045433;
7;07.horloge.0;au pas ≡ 0 (mod 60) l'activité dépasse celle du pas précédent;1032;50.0;0.907;0.4152;5.401689270750246e-243;
7;07.horloge.30;au pas ≡ 30 (mod 60) l'activité dépasse celle du pas précédent;1122;50.0;0.7692;0.4152;1.3975627768518302e-128;
7;07.horloge.15;au pas ≡ 15 (mod 60) l'activité dépasse celle du pas précédent;1122;50.0;0.6578;0.4152;5.729541625031078e-60;
7;07.horloge.45;au pas ≡ 45 (mod 60) l'activité dépasse celle du pas précédent;1122;50.0;0.6622;0.4152;2.9053538405525915e-62;
7;07.horloge.5;au pas ≡ 5 (mod 60) l'activité dépasse celle du pas précédent;1122;50.0;0.5633;0.4152;2.529608326151408e-23;
7;07.chocs;choc d'amplitude (≥4× médiane 60) suivi d'un autre choc en 10 pas;294;48.0;0.3946;0.0518;1.2478620380555959e-69;
7;07.act.act_n>=3;activité act_n>=3 : extrême dans les 10 pas;963;50.0;0.4268;0.1822;8.4898062562903e-69;
7;07.act.act_n<0.5;activité act_n<0.5 : extrême dans les 10 pas;1237;49.0;0.0687;0.1071;4.964941730656444e-06;
8;08.z;position dans l'enveloppe -> sens de la variation à fenêtre/3 (réplication A1/A2 de 40 cases);315700;50.0;-0.2180112570356473;0.0;;
8;08.sortie.alpha.haut;première sortie haut de l'enveloppe alpha : retour dedans en 3 pas;1842;50.0;0.8198;0.7938;;
8;08.sortie.alpha.bas;première sortie bas de l'enveloppe alpha : retour dedans en 3 pas;1899;50.0;0.8067;0.803;;
8;08.sortie.epsilon.haut;première sortie haut de l'enveloppe epsilon : retour dedans en 6 pas;1279;50.0;0.8319;0.7835;;
8;08.sortie.epsilon.bas;première sortie bas de l'enveloppe epsilon : retour dedans en 6 pas;1430;50.0;0.8538;0.8027;;
8;08.sortie.gamma.haut;première sortie haut de l'enveloppe gamma : retour dedans en 12 pas;888;50.0;0.8739;0.7946;;
8;08.sortie.gamma.bas;première sortie bas de l'enveloppe gamma : retour dedans en 12 pas;1024;50.0;0.8906;0.8343;;
8;08.sortie.beta.haut;première sortie haut de l'enveloppe beta : retour dedans en 18 pas;791;50.0;0.9216;0.7863;;
8;08.sortie.beta.bas;première sortie bas de l'enveloppe beta : retour dedans en 18 pas;775;50.0;0.9045;0.814;;
8;08.sortie.delta.haut;première sortie haut de l'enveloppe delta : retour dedans en 47 pas;481;45.0;0.9439;0.8363;;
8;08.sortie.delta.bas;première sortie bas de l'enveloppe delta : retour dedans en 47 pas;431;46.0;0.935;0.8106;;
8;08.comp.alpha.compression<=5%;compression<=5% de l'enveloppe alpha -> amplitude future;6056;50.0;1.0084;1.0247;;
8;08.comp.alpha.expansion>=95%;expansion>=95% de l'enveloppe alpha -> amplitude future;3203;50.0;1.2693;1.1032;;
8;08.comp.epsilon.compression<=5%;compression<=5% de l'enveloppe epsilon -> amplitude future;6751;50.0;1.0721;1.0365;;
8;08.comp.epsilon.expansion>=95%;expansion>=95% de l'enveloppe epsilon -> amplitude future;3835;50.0;1.1339;1.0733;;
8;08.comp.gamma.compression<=5%;compression<=5% de l'enveloppe gamma -> amplitude future;6311;50.0;1.1855;1.0252;;
8;08.comp.gamma.expansion>=95%;expansion>=95% de l'enveloppe gamma -> amplitude future;5139;50.0;0.9411;0.9749;;
8;08.align.haussier;alignement haussier des 5 niveaux -> hausse sur 36 pas;10138;50.0;0.4861;0.5;;
8;08.align.baissier;alignement baissier des 5 niveaux -> hausse sur 36 pas;10174;50.0;0.513;0.5;;
8;08.align.mêlé;alignement mêlé des 5 niveaux -> hausse sur 36 pas;43608;50.0;0.4881;0.5;;
9;09.topo.1;creux/sommets de persistance > 1 σ vs chemin mélangé;14833;50.0;1.0203;1.0;;
9;09.topo.2;creux/sommets de persistance > 2 σ vs chemin mélangé;7683;50.0;0.9808;1.0;;
9;09.topo.4;creux/sommets de persistance > 4 σ vs chemin mélangé;3294;50.0;0.9715;1.0;;
9;09.topo.8;creux/sommets de persistance > 8 σ vs chemin mélangé;1181;50.0;0.9787;1.0;;
9;09.topo.16;creux/sommets de persistance > 16 σ vs chemin mélangé;348;50.0;0.99;1.0;;
9;09.spectre.60;pic du spectre de l'activité à la période 60;50;50.0;1.0;1.0;;
9;09.spectre.30;pic du spectre de l'activité à la période 30;50;50.0;2.965;1.0;;
9;09.spectre.20;pic du spectre de l'activité à la période 20;50;50.0;0.949;1.0;;
9;09.spectre.15;pic du spectre de l'activité à la période 15;50;50.0;4.51;1.0;;
9;09.spectre.12;pic du spectre de l'activité à la période 12;50;50.0;0.923;1.0;;
9;09.spectre.10;pic du spectre de l'activité à la période 10;50;50.0;3.257;1.0;;
9;09.spectre.5;pic du spectre de l'activité à la période 5;50;50.0;11.809;1.0;;
9;09.regime;persistance de l'activité médiane d'un segment au suivant;49;50.0;0.302;0.0;;
09;09.topo.1;creux/sommets de persistance > 1 σ vs chemin mélangé;14833;50.0;1.0203;1.0;;
09;09.topo.2;creux/sommets de persistance > 2 σ vs chemin mélangé;7683;50.0;0.9808;1.0;;
09;09.topo.4;creux/sommets de persistance > 4 σ vs chemin mélangé;3294;50.0;0.9715;1.0;;
09;09.topo.8;creux/sommets de persistance > 8 σ vs chemin mélangé;1181;50.0;0.9787;1.0;;
09;09.topo.16;creux/sommets de persistance > 16 σ vs chemin mélangé;348;50.0;0.99;1.0;;
09;09.spectre.60;pic du spectre de l'activité à la période 60;50;50.0;1.0;1.0;;
09;09.spectre.30;pic du spectre de l'activité à la période 30;50;50.0;3.119;1.0;;
09;09.spectre.20;pic du spectre de l'activité à la période 20;50;50.0;1.0;1.0;;
09;09.spectre.15;pic du spectre de l'activité à la période 15;50;50.0;4.61;1.0;;
09;09.spectre.12;pic du spectre de l'activité à la période 12;50;50.0;0.927;1.0;;
09;09.spectre.10;pic du spectre de l'activité à la période 10;50;50.0;2.89;1.0;;
09;09.spectre.5;pic du spectre de l'activité à la période 5;50;50.0;10.563;1.0;;
09;09.regime;persistance de l'activité médiane d'un segment au suivant;49;50.0;0.302;0.0;;
