source;famille;capteur;designe;n;segments;obs;ref;z
collage;F01;alpha;False;588;50;0.8979591836734694;0.8720780693813367;2.0960868024770978
collage;F01;epsilon;False;588;50;0.8044217687074829;0.7678352701026889;2.2474741924177204
collage;F01;gamma;False;588;50;0.6904761904761905;0.6380413765584573;2.981544193470503
collage;F01;beta;False;588;50;0.5748299319727891;0.5091315497878492;3.6707988677929326
collage;F01;delta;False;588;50;0.2755102040816326;0.2797031548854552;-0.28738965125568766
collage;F02;alpha;False;603;50;0.8739635157545605;0.8729804265824336;0.0734387918201356
collage;F02;epsilon;False;603;50;0.7877280265339967;0.7648360449671263;1.4079486334047187
collage;F02;gamma;False;603;50;0.6451077943615257;0.6218950438809654;1.2940707685628001
collage;F02;beta;False;603;50;0.5339966832504146;0.49217520297704304;2.3720883364587073
collage;F02;delta;False;603;50;0.3117744610281924;0.2927388625154088;1.2772024651083707
collage;F03;alpha;False;533;50;0.8649155722326454;0.8749572803456485;-0.6849049005292822
collage;F03;epsilon;False;533;50;0.7729831144465291;0.7530718077134876;1.1380387778767307
collage;F03;gamma;False;533;50;0.5966228893058161;0.6072621413010761;-0.5631266562150588
collage;F03;beta;False;533;50;0.5140712945590994;0.49932083181095965;0.7918559641983858
collage;F03;delta;False;533;50;0.2795497185741088;0.2738191580024171;0.38600072624748
collage;F04;alpha;False;592;50;0.875;0.874873497383987;0.00944181648931708
collage;F04;epsilon;False;592;50;0.768581081081081;0.7642026267663914;0.2658029660303263
collage;F04;gamma;False;592;50;0.6638513513513513;0.621115227115764;2.3616811236248356
collage;F04;beta;False;592;50;0.4983108108108108;0.4738460291450295;1.334839622325085
collage;F04;delta;False;592;50;0.3091216216216216;0.2725216705854326;2.4238435106873695
collage;F05;alpha;False;622;50;0.8633440514469454;0.867471963439623;-0.3033320360266287
collage;F05;epsilon;False;622;50;0.7781350482315113;0.7562986479079801;1.3566504797658088
collage;F05;gamma;False;622;50;0.635048231511254;0.6201186500461623;0.8648194237647577
collage;F05;beta;False;622;50;0.5530546623794212;0.5081691895512311;2.603785039297201
collage;F05;delta;False;622;50;0.3247588424437299;0.2936833988222712;2.1199879392702154
collage;F06;alpha;True;608;50;0.8585526315789473;0.8696784609809831;-0.7999107772601269
collage;F06;epsilon;False;608;50;0.7549342105263158;0.7572696805681183;-0.1399573489173794
collage;F06;gamma;False;608;50;0.6118421052631579;0.6125992806094057;-0.04294156704301327
collage;F06;beta;False;608;50;0.5361842105263158;0.5087103153757073;1.5765221299157215
collage;F06;delta;False;608;50;0.3256578947368421;0.3023689580559071;1.5563313032618462
collage;F07;alpha;False;323;50;0.8668730650154799;0.8733090670685738;-0.3427800447841296
collage;F07;epsilon;False;323;50;0.7554179566563467;0.7478346850526106;0.3350075248670681
collage;F07;gamma;False;323;50;0.631578947368421;0.6250893313309656;0.2720878412966806
collage;F07;beta;False;323;50;0.541795665634675;0.5051603247668376;1.4920397215313579
collage;F07;delta;False;323;50;0.3560371517027864;0.3025492802062507;2.6513001316293727
collage;F08;alpha;False;616;50;0.8685064935064936;0.8741833403929798;-0.4208448611334168
collage;F08;epsilon;False;616;50;0.7613636363636364;0.7579686042311418;0.20907569644671053
collage;F08;gamma;False;616;50;0.6152597402597403;0.6143240433220714;0.052331335618337534
collage;F08;beta;False;616;50;0.5292207792207793;0.5001396890154086;1.6836726320537256
collage;F08;delta;False;616;50;0.3068181818181818;0.29063763806164167;1.0766428585421886
collage;F09;alpha;False;584;50;0.8664383561643836;0.870675737040542;-0.3056074824760233
collage;F09;epsilon;False;584;50;0.7722602739726028;0.7556932766867699;1.0120381615610057
collage;F09;gamma;False;584;50;0.613013698630137;0.6158222478123799;-0.15417980515777527
collage;F09;beta;False;584;50;0.5428082191780822;0.5161372088337557;1.433558796456272
collage;F09;delta;False;584;50;0.3253424657534247;0.29472963860509105;1.9826703570230229
collage;F10;alpha;False;272;49;0.9007352941176471;0.8713278821234882;1.6247428451288815
collage;F10;epsilon;False;272;49;0.8235294117647058;0.7559422412302764;3.0274492524376075
collage;F10;gamma;False;272;49;0.6139705882352942;0.6108523395068651;0.1117920679308364
collage;F10;beta;False;272;49;0.5441176470588235;0.5062802638125442;1.3960314099564937
collage;F10;delta;False;272;49;0.2867647058823529;0.27446337659364156;0.6111025608885261
collage;F11;alpha;False;559;50;0.8801431127012522;0.8742315132643688;0.4324897778082688
collage;F11;epsilon;False;559;50;0.776386404293381;0.758599651447849;1.022758189573158
collage;F11;gamma;True;559;50;0.6583184257602862;0.6263517691106079;1.7715387950591928
collage;F11;beta;False;559;50;0.556350626118068;0.506283800185345;2.776228885929147
collage;F11;delta;False;559;50;0.3112701252236136;0.29940845934524757;0.734217400870786
collage;F12;alpha;False;296;50;0.8412162162162162;0.8695630532812428;-1.3665557262505486
collage;F12;epsilon;False;296;50;0.7635135135135135;0.7673048658544196;-0.16006652537420327
collage;F12;gamma;False;296;50;0.6216216216216216;0.619235656795984;0.09334864743775367
collage;F12;beta;False;296;50;0.5675675675675675;0.5194507251642013;1.800061495605445
collage;F12;delta;False;296;50;0.27702702702702703;0.27010365138890124;0.33563240269311917
collage;F13;alpha;False;579;50;0.8618307426597582;0.8708112515040592;-0.6432927679685018
collage;F13;epsilon;False;579;50;0.7841105354058722;0.7542246554209314;1.885816178399863
collage;F13;gamma;False;579;50;0.6424870466321243;0.6107434817727384;1.732083632616924
collage;F13;beta;False;579;50;0.5509499136442142;0.5118407912407723;2.1631056882072865
collage;F13;delta;False;579;50;0.31088082901554404;0.2928884660144476;1.1970153465066262
collage;F14;alpha;False;598;50;0.8561872909698997;0.8716436442767552;-1.0826663039880107
collage;F14;epsilon;False;598;50;0.7525083612040134;0.7556463203268301;-0.18505195516182002
collage;F14;gamma;False;598;50;0.6538461538461539;0.6219736102541397;1.8383174571994494
collage;F14;beta;False;598;50;0.5234113712374582;0.49917034681992917;1.3951872412736193
collage;F14;delta;False;598;50;0.30434782608695654;0.2994740523496836;0.3234970162213812
collage;F15;alpha;False;597;50;0.8525963149078727;0.8706993813228637;-1.276101113685806
collage;F15;epsilon;False;597;50;0.7571189279731994;0.7605854294956754;-0.20502142387155867
collage;F15;gamma;False;597;50;0.6231155778894473;0.641987199132913;-1.0356087186173382
collage;F15;beta;False;597;50;0.5360134003350083;0.5257353086038187;0.5769251803255222
collage;F15;delta;False;597;50;0.288107202680067;0.2945129865524037;-0.39866571117629074
collage;F16;alpha;False;272;50;0.8455882352941176;0.8738781353987166;-1.3092051048139537
collage;F16;epsilon;False;272;50;0.7757352941176471;0.7555947981975364;0.8287334351809749
collage;F16;gamma;False;272;50;0.6507352941176471;0.6245836663069874;0.9814002488113946
collage;F16;beta;False;272;50;0.5551470588235294;0.5094218442454076;1.7259371284433547
collage;F16;delta;False;272;50;0.3161764705882353;0.2961370205356;0.9122657758877005
collage;F17;alpha;False;606;50;0.8762376237623762;0.8719669324506514;0.32178268500968593
collage;F17;epsilon;False;606;50;0.7722772277227723;0.7607593015655879;0.7057838982719578
collage;F17;gamma;False;606;50;0.6402640264026402;0.6225282658388295;0.9820364122001063
collage;F17;beta;False;606;50;0.5495049504950495;0.5096926765160721;2.2399932407600414
collage;F17;delta;False;606;50;0.31353135313531355;0.3015062466576683;0.8385037942014615
collage;F18;alpha;False;598;50;0.8444816053511706;0.8699622872331302;-1.7512165027578122
collage;F18;epsilon;False;598;50;0.7107023411371237;0.7532850900256446;-2.4108747368009396
collage;F18;gamma;False;598;50;0.596989966555184;0.6030637702236844;-0.3301994642675683
collage;F18;beta;False;598;50;0.5083612040133779;0.4899549287649291;0.9929028523414671
collage;F18;delta;False;598;50;0.3494983277591973;0.31782805030458805;2.0560751711303435
collage;F19;alpha;False;620;50;0.8612903225806452;0.8718545233092725;-0.7688671137109456
collage;F19;epsilon;False;620;50;0.7709677419354839;0.7531533035479662;1.0990868165071037
collage;F19;gamma;False;620;50;0.65;0.6234229519148686;1.5322545785543127
collage;F19;beta;False;620;50;0.532258064516129;0.5039040068743981;1.6169798695381026
collage;F19;delta;False;620;50;0.3096774193548387;0.2821375841272025;1.7834330964896863
collage;F20;alpha;False;287;49;0.8710801393728222;0.8730019929419892;-0.09987090872894694
collage;F20;epsilon;False;287;49;0.7700348432055749;0.762609613409016;0.3058113631062178
collage;F20;gamma;False;287;49;0.6341463414634146;0.6277693607918148;0.24552062172107725
collage;F20;beta;True;287;49;0.5574912891986062;0.5028054143573955;2.1382052304135657
collage;F20;delta;False;287;49;0.32752613240418116;0.3049985246033523;1.0712351652216867
collage;F21;alpha;False;603;50;0.8424543946932007;0.8751259770425042;-2.220539570052195
collage;F21;epsilon;False;603;50;0.7611940298507462;0.7552496524702861;0.35759369838281024
collage;F21;gamma;False;603;50;0.6351575456053068;0.6240801688461967;0.6201887062594253
collage;F21;beta;False;603;50;0.5439469320066335;0.5169769230246634;1.5301058220939643
collage;F21;delta;False;603;50;0.3283582089552239;0.29870684414459325;1.9711785289700732
collage;F22;alpha;False;596;50;0.8674496644295302;0.8754163568753588;-0.5765183697245827
collage;F22;epsilon;False;596;50;0.761744966442953;0.7556059924400428;0.370220418639565
collage;F22;gamma;False;596;50;0.6342281879194631;0.6139753740295406;1.1135629230056516
collage;F22;beta;False;596;50;0.5285234899328859;0.5006640229117244;1.5391183358596077
collage;F22;delta;False;596;50;0.3053691275167785;0.2850827672441995;1.350882107070084
collage;F23;alpha;False;566;50;0.8604240282685512;0.8737337592577883;-0.9336552624388084
collage;F23;epsilon;False;566;50;0.7526501766784452;0.755327896979402;-0.15523694455760972
collage;F23;gamma;False;566;50;0.6183745583038869;0.6045178278770459;0.7623633538122467
collage;F23;beta;False;566;50;0.5247349823321554;0.49692313955742345;1.4783152326321614
collage;F23;delta;False;566;50;0.30918727915194344;0.3006292358608257;0.5517453100392238
collage;F24;alpha;False;588;50;0.8724489795918368;0.8716452870976527;0.059218755519509544
collage;F24;epsilon;False;588;50;0.7465986394557823;0.752013660401375;-0.31044681216678127
collage;F24;gamma;False;588;50;0.685374149659864;0.6318099139646906;2.9978620438038646
collage;F24;beta;False;588;50;0.5612244897959183;0.5145647656328418;2.556660931712528
collage;F24;delta;False;588;50;0.3299319727891156;0.27506817458320343;3.8041221863915426
collage;F25;alpha;False;310;50;0.8451612903225807;0.8604338111331847;-0.7490175603933868
collage;F25;epsilon;False;310;50;0.7322580645161291;0.7361232759254815;-0.16049483947912985
collage;F25;gamma;False;310;50;0.635483870967742;0.62288298802426;0.508583100927623
collage;F25;beta;False;310;50;0.5225806451612903;0.5187244676459105;0.1556130606140954
collage;F25;delta;False;310;50;0.33225806451612905;0.32815219857397404;0.19196476997987524
collage;F26;alpha;False;594;50;0.8417508417508418;0.8746873203650746;-2.233459022890077
collage;F26;epsilon;False;594;50;0.7424242424242424;0.7595518270603577;-0.9833211529449464
collage;F26;gamma;False;594;50;0.6582491582491582;0.6202994323440646;2.0247110345321055
collage;F26;beta;False;594;50;0.5505050505050505;0.5071403135254224;2.321893682185199
collage;F26;delta;True;594;50;0.3047138047138047;0.2868686352970098;1.2138584332696805
collage;F27;alpha;False;578;50;0.8910034602076125;0.8737059988486997;1.3477854610704152
collage;F27;epsilon;False;578;50;0.7647058823529411;0.7594952551779689;0.31031980674360476
collage;F27;gamma;False;578;50;0.6245674740484429;0.6171814629181436;0.4164248360905256
collage;F27;beta;False;578;50;0.4982698961937716;0.49929982774043835;-0.05670571777903672
collage;F27;delta;False;578;50;0.28027681660899656;0.26549120665044834;1.028573858761149
collage;F28;alpha;False;591;50;0.8900169204737732;0.8705049896962413;1.5297378871039673
collage;F28;epsilon;False;591;50;0.7698815566835872;0.7624403277282112;0.4346195372188212
collage;F28;gamma;False;591;50;0.6395939086294417;0.6237196827410059;0.8660602680157904
collage;F28;beta;False;591;50;0.5313028764805414;0.5029515470101785;1.5520654168993644
collage;F28;delta;False;591;50;0.27749576988155666;0.27295001978491557;0.301250056032339
collage;F29;alpha;False;327;50;0.8623853211009175;0.8714585409102026;-0.4831279359782754
collage;F29;epsilon;False;327;50;0.7706422018348624;0.7541143025553333;0.7416174234087873
collage;F29;gamma;False;327;50;0.6055045871559633;0.62229481000754;-0.6878705775649416
collage;F29;beta;False;327;50;0.5229357798165137;0.5037567993572244;0.8080345456856928
collage;F29;delta;False;327;50;0.3180428134556575;0.3015120651111974;0.8170699262042614
collage;F30;alpha;False;620;50;0.864516129032258;0.8752102115709804;-0.7840045823858776
collage;F30;epsilon;False;620;50;0.7532258064516129;0.7557982268348181;-0.15283065805688034
collage;F30;gamma;False;620;50;0.6161290322580645;0.6069558145242684;0.5141609710278255
collage;F30;beta;False;620;50;0.5209677419354839;0.49628194187698876;1.431715902486095
collage;F30;delta;False;620;50;0.29354838709677417;0.2840732296152373;0.6600609735427264
collage;F31;alpha;False;590;50;0.8864406779661017;0.8778059311369747;0.6653125784247284
collage;F31;epsilon;False;590;50;0.7847457627118644;0.7622726440484279;1.3763063515601575
collage;F31;gamma;False;590;50;0.6508474576271186;0.6248931985298726;1.4290224794753854
collage;F31;beta;False;590;50;0.5135593220338983;0.4938648775794765;1.08180685329723
collage;F31;delta;False;590;50;0.28983050847457625;0.27340989754680967;1.1143611070078117
collage;F32;alpha;False;129;46;0.8682170542635659;0.870437478791715;-0.074593958212851
collage;F32;epsilon;False;129;46;0.7751937984496124;0.7625732719913689;0.35141901932473213
collage;F32;gamma;False;129;46;0.6744186046511628;0.6053774863879968;1.8117049184599532
collage;F32;beta;False;129;46;0.5813953488372093;0.4835374271689303;2.6406832343670135
collage;F32;delta;False;129;46;0.3023255813953488;0.2519477091595473;1.7549042950218408
collage;F33;alpha;False;578;50;0.8858131487889274;0.8738986040697085;0.9082295276173746
collage;F33;epsilon;True;578;50;0.773356401384083;0.7530490201868365;1.2372053201776674
collage;F33;gamma;False;578;50;0.6228373702422145;0.619888264113131;0.16370594544268574
collage;F33;beta;False;578;50;0.5449826989619377;0.5116980232595182;1.8877033161930095
collage;F33;delta;False;578;50;0.3027681660899654;0.2869081822165452;1.057486359972636
collage;F34;alpha;False;572;50;0.8706293706293706;0.8720946519218762;-0.10514166369617603
collage;F34;epsilon;False;572;50;0.7657342657342657;0.7630767304810439;0.1545071839854556
collage;F34;gamma;False;572;50;0.6363636363636364;0.6188414327381566;0.9453416337503664
collage;F34;beta;False;572;50;0.5209790209790209;0.5014789101393038;1.0793803068196586
collage;F34;delta;False;572;50;0.31993006993006995;0.30043433992745294;1.3053385436667044
collage;F35;alpha;False;647;50;0.848531684698609;0.8735595966964408;-1.7919376168402041
collage;F35;epsilon;False;647;50;0.7465224111282844;0.7526896218594793;-0.37649254843905594
collage;F35;gamma;False;647;50;0.6259659969088099;0.6227586239451941;0.1788996773829478
collage;F35;beta;False;647;50;0.5625965996908809;0.5227275463957226;2.2153080831110508
collage;F35;delta;False;647;50;0.31993817619783615;0.29486500993930304;1.6706022938612244
collage;F36;alpha;False;569;50;0.8787346221441125;0.8717411837124961;0.5190158662823258
collage;F36;epsilon;False;569;50;0.7240773286467487;0.7473420894641635;-1.2831326699028063
collage;F36;gamma;False;569;50;0.6115992970123023;0.6201251113791394;-0.4655783949632049
collage;F36;beta;False;569;50;0.4956063268892794;0.5090838501531866;-0.7345976523084771
collage;F36;delta;False;569;50;0.30755711775043937;0.28932402757321;1.156559250628969
longueur;F01;alpha;False;5451;50;0.8816730875068794;0.8780522029978924;0.8343241533434844
longueur;F01;epsilon;False;5451;50;0.7782058337919647;0.7546497332212958;4.346593077559382
longueur;F01;gamma;False;5451;50;0.6351128233351678;0.614276107534381;3.5001200619349957
longueur;F01;beta;False;5451;50;0.5397174830306366;0.49920353629327996;6.838937694001259
longueur;F01;delta;False;5451;50;0.30159603742432584;0.2832124858237142;3.80400908883514
longueur;F02;alpha;False;2471;50;0.8785916632942129;0.8794819387381523;-0.13700661753033408
longueur;F02;epsilon;False;2471;50;0.7782274382840955;0.7583470209412126;2.481113930053237
longueur;F02;gamma;False;2471;50;0.6523674625657628;0.6232336410268943;3.3204280470021685
longueur;F02;beta;False;2471;50;0.5495750708215298;0.5025705418655038;5.348693779522065
longueur;F02;delta;False;2471;50;0.3168757588021044;0.2838598540663166;4.378210644110451
longueur;F03;alpha;False;1225;50;0.8759183673469387;0.8845251591377471;-0.9217993768836785
longueur;F03;epsilon;False;1225;50;0.7746938775510204;0.7664003400840546;0.7183279373337187
longueur;F03;gamma;False;1225;50;0.6563265306122449;0.621274722789316;2.773225837113232
longueur;F03;beta;False;1225;50;0.5395918367346939;0.5020690187981753;2.9438448903598546
longueur;F03;delta;False;1225;50;0.3183673469387755;0.2854792099421792;3.1206832871498893
longueur;F04;alpha;False;190;49;0.8368421052631579;0.8354015632186771;0.05405894680270408
longueur;F04;epsilon;False;190;49;0.7263157894736842;0.7695467840092569;-1.347328043396181
longueur;F04;gamma;False;190;49;0.6421052631578947;0.6168039359253299;0.7937035760755118
longueur;F04;beta;False;190;49;0.45789473684210524;0.48391274463128614;-0.8112660868633184
longueur;F04;delta;False;190;49;0.3105263157894737;0.2965166879586695;0.5158521711081792
longueur;F05;alpha;False;382;50;0.8612565445026178;0.8817785369424829;-1.202751531622362
longueur;F05;epsilon;False;382;50;0.7591623036649214;0.7865980600567215;-1.2979006526618668
longueur;F05;gamma;False;382;50;0.643979057591623;0.6331526165201351;0.4778953784517333
longueur;F05;beta;False;382;50;0.5026178010471204;0.4942702192942518;0.35594446607653113
longueur;F05;delta;False;382;50;0.2591623036649215;0.25964297289585975;-0.02592254240868796
longueur;F06;alpha;True;238;50;0.7983193277310925;0.871291690306146;-2.8631246513379747
longueur;F06;epsilon;False;238;50;0.7478991596638656;0.7771604121295401;-1.0834068600013003
longueur;F06;gamma;False;238;50;0.5966386554621849;0.6100818917390232;-0.45687306304138203
longueur;F06;beta;False;238;50;0.48739495798319327;0.474304074470065;0.4619829403099717
longueur;F06;delta;False;238;50;0.3445378151260504;0.3148825936624917;1.133379439784106
longueur;F07;alpha;False;106;44;0.8207547169811321;0.8423697140446318;-0.5950256492675718
longueur;F07;epsilon;False;106;44;0.7547169811320755;0.7822878931617074;-0.6770251615791844
longueur;F07;gamma;False;106;44;0.6886792452830188;0.6601201335717585;0.7044564309058878
longueur;F07;beta;False;106;44;0.5849056603773585;0.5384902269240016;1.0518649937490636
longueur;F07;delta;False;106;44;0.24528301886792453;0.2503257430428275;-0.15431829804396138
longueur;F08;alpha;False;184;47;0.842391304347826;0.8575784617263129;-0.5772255657403397
longueur;F08;epsilon;False;184;47;0.7608695652173914;0.7822184908641617;-0.679360916788045
longueur;F08;gamma;False;184;47;0.625;0.64977027305651;-0.7149220601131139
longueur;F08;beta;False;184;47;0.5597826086956522;0.5193794679627802;1.2764380778611482
longueur;F08;delta;False;184;47;0.33152173913043476;0.30859006783175114;0.8051071670409398
longueur;F09;alpha;False;280;49;0.8178571428571428;0.8705047556205402;-2.350931968818673
longueur;F09;epsilon;False;280;49;0.75;0.7697225537920035;-0.7907992835469503
longueur;F09;gamma;False;280;49;0.5964285714285714;0.594525975690644;0.07216492629279274
longueur;F09;beta;False;280;49;0.46785714285714286;0.4787037288558497;-0.42143385449364773
longueur;F09;delta;False;280;49;0.29642857142857143;0.3158917003895474;-0.8725571453924662
longueur;F10;alpha;False;70;37;0.8;0.836185610759472;-0.752165763110316
longueur;F10;epsilon;False;70;37;0.7428571428571429;0.7727187337235881;-0.5789889200624473
longueur;F10;gamma;False;70;37;0.6714285714285714;0.6778492155722987;-0.12017464617299832
longueur;F10;beta;False;70;37;0.5428571428571428;0.538954565278346;0.07386355393683805
longueur;F10;delta;False;70;37;0.2857142857142857;0.24875746072003133;0.7043508471525519
longueur;F11;alpha;False;283;50;0.8197879858657244;0.8699723308440209;-2.224409229830454
longueur;F11;epsilon;False;283;50;0.7561837455830389;0.7948773694249839;-1.5870771072939707
longueur;F11;gamma;True;283;50;0.5901060070671378;0.6436218053621225;-1.9475127380072386
longueur;F11;beta;False;283;50;0.49823321554770317;0.5046223841112968;-0.23042511826151948
longueur;F11;delta;False;283;50;0.27208480565371024;0.2837310754803594;-0.5504333904836518
longueur;F12;alpha;False;41;27;0.8536585365853658;0.8179316400593515;0.6220125995268968
longueur;F12;epsilon;False;41;27;0.6341463414634146;0.7021297713812683;-0.9047994284189356
longueur;F12;gamma;False;41;27;0.5121951219512195;0.5698969960954019;-0.8110183255716386
longueur;F12;beta;False;41;27;0.5121951219512195;0.4377902520196582;1.1375769311552937
longueur;F12;delta;False;41;27;0.34146341463414637;0.3587295034760529;-0.39360355027167143
longueur;F13;alpha;False;98;44;0.8163265306122449;0.822550907051505;-0.15954889672902653
longueur;F13;epsilon;False;98;44;0.6938775510204082;0.711096015480508;-0.38767671338129644
longueur;F13;gamma;False;98;44;0.5204081632653061;0.5762092844661882;-1.2773315791645594
longueur;F13;beta;False;98;44;0.46938775510204084;0.5047392780191552;-0.9510281987707603
longueur;F13;delta;False;98;44;0.29591836734693877;0.2762189868409468;0.5524694897535138
longueur;F14;alpha;False;113;46;0.8761061946902655;0.8229464362941009;1.6888225959484193
longueur;F14;epsilon;False;113;46;0.7699115044247787;0.7268969080427145;1.1456540450160766
longueur;F14;gamma;False;113;46;0.5663716814159292;0.6218394360269968;-1.3254476617071982
longueur;F14;beta;False;113;46;0.5398230088495575;0.529720768476785;0.2707573159043659
longueur;F14;delta;False;113;46;0.37168141592920356;0.30113605745965477;2.2337663224268702
longueur;F15;alpha;False;380;50;0.8315789473684211;0.8773267037231435;-2.4499658151504473
longueur;F15;epsilon;False;380;50;0.7552631578947369;0.7799089925898353;-1.16474793743811
longueur;F15;gamma;False;380;50;0.6263157894736842;0.6277863837265445;-0.06389174902278286
longueur;F15;beta;False;380;50;0.5394736842105263;0.501994922948918;1.6413578177191799
longueur;F15;delta;False;380;50;0.32894736842105265;0.30170095849363876;1.3832387535504458
longueur;F16;alpha;False;437;50;0.88558352402746;0.8871182165322717;-0.1024384412432973
longueur;F16;epsilon;False;437;50;0.7963386727688787;0.7655616175864869;1.651318426857249
longueur;F16;gamma;False;437;50;0.6453089244851259;0.6175269281108807;1.3607305294252232
longueur;F16;beta;False;437;50;0.5148741418764302;0.5016757413097895;0.6522348181379496
longueur;F16;delta;False;437;50;0.30892448512585813;0.2690848422624656;2.365392247772786
longueur;F17;alpha;False;694;50;0.8717579250720461;0.8821602825369896;-0.8288378893526132
longueur;F17;epsilon;False;694;50;0.7780979827089337;0.7610962112638483;1.1151110434929323
longueur;F17;gamma;False;694;50;0.6527377521613833;0.6130384231705969;2.392741423081669
longueur;F17;beta;False;694;50;0.5187319884726225;0.5004595616868361;1.0746321056506174
longueur;F17;delta;False;694;50;0.31556195965417866;0.2887807250811508;1.9071575589712062
longueur;F18;alpha;False;1466;50;0.8819918144611187;0.8801671243489253;0.21844105150387444
longueur;F18;epsilon;False;1466;50;0.7639836289222374;0.7649456825028448;-0.0893164137289574
longueur;F18;gamma;False;1466;50;0.6412005457025921;0.6292967438452455;1.031952309852972
longueur;F18;beta;False;1466;50;0.5600272851296043;0.5066043526466755;4.65038300939588
longueur;F18;delta;False;1466;50;0.32332878581173263;0.3057731256791505;1.78494261320698
longueur;F19;alpha;False;116;43;0.8103448275862069;0.8160249817392743;-0.1563546045514026
longueur;F19;epsilon;False;116;43;0.6724137931034483;0.7442672049236649;-1.7073783409694612
longueur;F19;gamma;False;116;43;0.6206896551724138;0.6385778635811616;-0.4330878879497515
longueur;F19;beta;False;116;43;0.5603448275862069;0.5586018963041266;0.044817937929907986
longueur;F19;delta;False;116;43;0.35344827586206895;0.33303584259163105;0.5814923530212311
longueur;F20;alpha;False;150;48;0.8333333333333334;0.8743517405496114;-1.3483971094599978
longueur;F20;epsilon;False;150;48;0.8133333333333334;0.8183664911777631;-0.1626638869725075
longueur;F20;gamma;False;150;48;0.6;0.650809974202118;-1.3472586222118597
longueur;F20;beta;True;150;48;0.5466666666666666;0.5157395548058892;0.8955042050715111
longueur;F20;delta;False;150;48;0.31333333333333335;0.2944944272416518;0.6208579316270275
longueur;F21;alpha;False;275;50;0.8581818181818182;0.8680840547696519;-0.465894733592848
longueur;F21;epsilon;False;275;50;0.7490909090909091;0.7707178049005236;-0.8507002183295105
longueur;F21;gamma;False;275;50;0.6581818181818182;0.6423530814004752;0.6055084308408967
longueur;F21;beta;False;275;50;0.5563636363636364;0.5138173512255995;1.681020077537424
longueur;F21;delta;False;275;50;0.31272727272727274;0.2934947125229242;0.851803454641118
longueur;F22;alpha;False;126;49;0.8650793650793651;0.8192709642674675;1.4841429875593268
longueur;F22;epsilon;False;126;49;0.7222222222222222;0.725788343983726;-0.08931245246847937
longueur;F22;gamma;False;126;49;0.5793650793650794;0.6227046386812382;-1.1007173144713358
longueur;F22;beta;False;126;49;0.5555555555555556;0.5547129496037156;0.0231673365652274
longueur;F22;delta;False;126;49;0.2777777777777778;0.318855461559981;-1.2132607487277984
longueur;F23;alpha;False;181;49;0.8011049723756906;0.838089691908651;-1.2640220394252406
longueur;F23;epsilon;False;181;49;0.6906077348066298;0.7699539684156987;-2.4071525840407517
longueur;F23;gamma;False;181;49;0.6961325966850829;0.6483084343308154;1.535551429742208
longueur;F23;beta;False;181;49;0.569060773480663;0.4940952923648637;2.3746100151773413
longueur;F23;delta;False;181;49;0.22099447513812154;0.23015669283557924;-0.36077638464280937
longueur;F24;alpha;False;188;50;0.824468085106383;0.844264425605078;-0.7142399314339637
longueur;F24;epsilon;False;188;50;0.7446808510638298;0.755006980836686;-0.34900531569203064
longueur;F24;gamma;False;188;50;0.5851063829787234;0.6130230183252241;-0.8634187302614517
longueur;F24;beta;False;188;50;0.48936170212765956;0.5112604613151882;-0.7136102616814958
longueur;F24;delta;False;188;50;0.32978723404255317;0.29338769133475984;1.346133148933945
longueur;F25;alpha;False;40;25;0.825;0.8148255431627988;0.1695121873513081
longueur;F25;epsilon;False;40;25;0.675;0.7183988595583584;-0.5428553640497592
longueur;F25;gamma;False;40;25;0.525;0.5943231846558176;-0.9903631261374848
longueur;F25;beta;False;40;25;0.475;0.46841210708898995;0.10297799475665875
longueur;F25;delta;False;40;25;0.425;0.36026575570728364;1.042681334087588
longueur;F26;alpha;False;202;49;0.806930693069307;0.8551092383890199;-1.7737118902972313
longueur;F26;epsilon;False;202;49;0.7475247524752475;0.7775472238652302;-1.0389312428966877
longueur;F26;gamma;False;202;49;0.6435643564356436;0.645232633262872;-0.051814213632708314
longueur;F26;beta;False;202;49;0.5247524752475248;0.5182620396463521;0.2023411687544066
longueur;F26;delta;True;202;49;0.3465346534653465;0.30181378293045064;1.5400644737147589
longueur;F27;alpha;False;719;50;0.8776077885952712;0.8885316575602195;-0.9011532315643261
longueur;F27;epsilon;False;719;50;0.8066759388038943;0.7814772236247522;1.77271837318486
longueur;F27;gamma;False;719;50;0.6828929068150209;0.6328929722637231;3.120671920145512
longueur;F27;beta;False;719;50;0.5563282336578581;0.5146970688378851;2.4834909006999544
longueur;F27;delta;False;719;50;0.32127955493741306;0.30948559276605764;0.8724622176231664
longueur;F28;alpha;False;413;50;0.9031476997578692;0.8824884107910016;1.4279896587090495
longueur;F28;epsilon;False;413;50;0.8111380145278451;0.7774937951443424;1.826492695801281
longueur;F28;gamma;False;413;50;0.6271186440677966;0.6258674072240653;0.058876444842830805
longueur;F28;beta;False;413;50;0.5060532687651331;0.5013006552071592;0.22609883556195626
longueur;F28;delta;False;413;50;0.29055690072639223;0.2818340055300817;0.5150460403501346
longueur;F29;alpha;False;59;31;0.8135593220338984;0.8233886505687866;-0.19008724902298
longueur;F29;epsilon;False;59;31;0.7796610169491526;0.7180588979501891;1.2100349337619778
longueur;F29;gamma;False;59;31;0.576271186440678;0.6185724770828601;-0.7477799453391658
longueur;F29;beta;False;59;31;0.4576271186440678;0.5122088066574451;-0.9738551285356465
longueur;F29;delta;False;59;31;0.3559322033898305;0.3065600514991456;1.22964053421334
longueur;F30;alpha;False;135;45;0.7703703703703704;0.8245457636751903;-1.528756521220205
longueur;F30;epsilon;False;135;45;0.6518518518518519;0.7346909563765094;-2.085213324062214
longueur;F30;gamma;False;135;45;0.5925925925925926;0.6138369414762863;-0.5616115567207877
longueur;F30;beta;False;135;45;0.5185185185185185;0.5289649002959226;-0.2735926686017605
longueur;F30;delta;False;135;45;0.34074074074074073;0.33302924083591046;0.2454602746306409
longueur;F31;alpha;False;372;50;0.9086021505376344;0.8808686273595057;1.8574287409790227
longueur;F31;epsilon;False;372;50;0.7741935483870968;0.763280666094077;0.5073342038431077
longueur;F31;gamma;False;372;50;0.6370967741935484;0.6224040317216345;0.6503082293267827
longueur;F31;beta;False;372;50;0.5295698924731183;0.5086947424603147;0.939914944149982
longueur;F31;delta;False;372;50;0.271505376344086;0.27553338031683555;-0.2177566621311295
longueur;F32;alpha;False;407;50;0.7641277641277642;0.7854979812331606;-1.0152008034115656
longueur;F32;epsilon;False;407;50;0.48402948402948404;0.522990418153403;-1.5765227385769867
longueur;F32;gamma;False;407;50;0.5036855036855037;0.5280198632922222;-1.1377696214287372
longueur;F32;beta;False;407;50;0.4963144963144963;0.5652509784668854;-3.171576137372985
longueur;F32;delta;False;407;50;0.31203931203931207;0.34869276262521237;-2.216784141397284
longueur;F33;alpha;False;247;48;0.8137651821862348;0.8610577985761964;-1.939300062693491
longueur;F33;epsilon;True;247;48;0.7449392712550608;0.7796683103343807;-1.3182850910347041
longueur;F33;gamma;False;247;48;0.631578947368421;0.6495524812871798;-0.6499408959770873
longueur;F33;beta;False;247;48;0.4898785425101215;0.5013800401554952;-0.41191801489847846
longueur;F33;delta;False;247;48;0.29959514170040485;0.2438358108052481;2.349295046469958
longueur;F34;alpha;False;96;43;0.84375;0.8194629125849034;0.6631716711212887
longueur;F34;epsilon;False;96;43;0.6770833333333334;0.7259079743520589;-1.0952888275420578
longueur;F34;gamma;False;96;43;0.5520833333333334;0.6075158118780498;-1.2727682775776659
longueur;F34;beta;False;96;43;0.4583333333333333;0.4946689146273993;-0.8879276694092519
longueur;F34;delta;False;96;43;0.1875;0.21955137322008522;-1.0471569009984003
longueur;F35;alpha;False;842;50;0.8954869358669834;0.8827523062981192;1.2105397287358488
longueur;F35;epsilon;False;842;50;0.7755344418052257;0.758335176531084;1.2381283072414868
longueur;F35;gamma;False;842;50;0.6282660332541568;0.6147094163922806;0.9151203040237283
longueur;F35;beta;False;842;50;0.5498812351543944;0.5126023281404489;2.526941217981847
longueur;F35;delta;False;842;50;0.32304038004750596;0.3103308263997893;1.01977510806164
longueur;F36;alpha;False;134;49;0.7985074626865671;0.8276114227857695;-0.8459062879133645
longueur;F36;epsilon;False;134;49;0.7611940298507462;0.7375281832550751;0.6719430786547385
longueur;F36;gamma;False;134;49;0.6791044776119403;0.63394465029222;1.1934996106521087
longueur;F36;beta;False;134;49;0.5447761194029851;0.524334395756865;0.5024298071056825
longueur;F36;delta;False;134;49;0.29850746268656714;0.29773047740824293;0.0229862177776558
